Subscription,Subscription Name,Resource Group,Location,Type,Service Name,Compliant,Impact,Category,Recommendation,Result,Learn,RId
f2e4cd19-7c93-4a22-a9b3-df34a6e7c0af,Boss Labs,cloud-shell-storage-westus,westus,Microsoft.Storage/storageAccounts,cs48d2c636f918dx4ef6x845,false,Low,Governance,Storage Name should comply with naming conventions,,https://learn.microsoft.com/en-us/azure/cloud-adoption-framework/ready/azure-best-practices/resource-abbreviations,st-006
f2e4cd19-7c93-4a22-a9b3-df34a6e7c0af,Boss Labs,cloud-shell-storage-westus,westus,Microsoft.Storage/storageAccounts,cs48d2c636f918dx4ef6x845,false,Low,Monitoring and Alerting,Storage should have diagnostic settings enabled,,https://learn.microsoft.com/en-us/azure/storage/blobs/monitor-blob-storage,st-001
f2e4cd19-7c93-4a22-a9b3-df34a6e7c0af,Boss Labs,cloud-shell-storage-westus,westus,Microsoft.Storage/storageAccounts,cs48d2c636f918dx4ef6x845,false,High,High Availability,Storage should have availability zones enabled,,https://learn.microsoft.com/EN-US/azure/reliability/migrate-storage,st-002
f2e4cd19-7c93-4a22-a9b3-df34a6e7c0af,Boss Labs,cloud-shell-storage-westus,westus,Microsoft.Storage/storageAccounts,cs48d2c636f918dx4ef6x845,false,High,Security,Storage should have private endpoints enabled,,https://learn.microsoft.com/en-us/azure/storage/common/storage-private-endpoints,st-004
f2e4cd19-7c93-4a22-a9b3-df34a6e7c0af,Boss Labs,cloud-shell-storage-westus,westus,Microsoft.Storage/storageAccounts,cs48d2c636f918dx4ef6x845,false,Medium,Disaster Recovery,Storage Account should have soft delete enabled,,https://learn.microsoft.com/en-us/azure/well-architected/service-guides/storage-accounts/reliability,st-011
f2e4cd19-7c93-4a22-a9b3-df34a6e7c0af,Boss Labs,cloud-shell-storage-westus,westus,Microsoft.Storage/storageAccounts,cs48d2c636f918dx4ef6x845,false,Low,Disaster Recovery,Storage Account should have inmutable storage versioning enabled,,https://learn.microsoft.com/en-us/azure/well-architected/service-guides/storage-accounts/reliability,st-010
f2e4cd19-7c93-4a22-a9b3-df34a6e7c0af,Boss Labs,cloud-shell-storage-westus,westus,Microsoft.Storage/storageAccounts,cs48d2c636f918dx4ef6x845,false,Low,Security,Storage Account should enforce TLS >= 1.2,,https://learn.microsoft.com/en-us/azure/storage/common/transport-layer-security-configure-minimum-version?tabs=portal,st-009
f2e4cd19-7c93-4a22-a9b3-df34a6e7c0af,Boss Labs,GlobalAI-Spain,northeurope,Microsoft.Sql/servers/databases,globalai-db,false,Low,Governance,SQL Database should have tags,,https://learn.microsoft.com/en-us/azure/azure-resource-manager/management/tag-resources?tabs=json,sqldb-007
f2e4cd19-7c93-4a22-a9b3-df34a6e7c0af,Boss Labs,GlobalAI-Spain,northeurope,Microsoft.Sql/servers/databases,globalai-db,false,Low,Governance,SQL Database Name should comply with naming conventions,,https://learn.microsoft.com/en-us/azure/cloud-adoption-framework/ready/azure-best-practices/resource-abbreviations,sqldb-006
f2e4cd19-7c93-4a22-a9b3-df34a6e7c0af,Boss Labs,GlobalAI-Spain,northeurope,Microsoft.Sql/servers/databases,globalai-db,false,High,High Availability,SQL Database should have availability zones enabled,,,sqldb-002
f2e4cd19-7c93-4a22-a9b3-df34a6e7c0af,Boss Labs,GlobalAI-Spain,northeurope,Microsoft.Sql/servers,globalai-sqlserver,false,Low,Security,SQL should enforce TLS >= 1.2,,https://learn.microsoft.com/en-us/azure/azure-sql/database/connectivity-settings?view=azuresql&tabs=azure-portal#minimal-tls-version,sql-008
f2e4cd19-7c93-4a22-a9b3-df34a6e7c0af,Boss Labs,GlobalAI-Spain,northeurope,Microsoft.Sql/servers,globalai-sqlserver,false,Low,Governance,SQL Name should comply with naming conventions,,https://learn.microsoft.com/en-us/azure/cloud-adoption-framework/ready/azure-best-practices/resource-abbreviations,sql-006
f2e4cd19-7c93-4a22-a9b3-df34a6e7c0af,Boss Labs,GlobalAI-Spain,northeurope,Microsoft.Sql/servers,globalai-sqlserver,false,High,Security,SQL should have private endpoints enabled,,,sql-004
f2e4cd19-7c93-4a22-a9b3-df34a6e7c0af,Boss Labs,GlobalAI-Spain,northeurope,Microsoft.Web/serverfarms/sites,globalai,false,Low,Monitoring and Alerting,App Service should have diagnostic settings enabled,,https://learn.microsoft.com/en-us/azure/app-service/troubleshoot-diagnostic-logs#send-logs-to-azure-monitor,app-001
f2e4cd19-7c93-4a22-a9b3-df34a6e7c0af,Boss Labs,GlobalAI-Spain,northeurope,Microsoft.Web/serverfarms/sites,globalai,false,Medium,Security,App Service should use Managed Identities,,https://learn.microsoft.com/en-us/azure/app-service/overview-managed-identity?tabs=portal%2Chttp,app-016
f2e4cd19-7c93-4a22-a9b3-df34a6e7c0af,Boss Labs,GlobalAI-Spain,northeurope,Microsoft.Web/serverfarms/sites,globalai,false,Medium,Security,App Service should use VNET integration,,https://learn.microsoft.com/en-us/azure/app-service/overview-vnet-integration,app-009
f2e4cd19-7c93-4a22-a9b3-df34a6e7c0af,Boss Labs,GlobalAI-Spain,northeurope,Microsoft.Web/serverfarms/sites,globalai,false,Low,Governance,App Service should have tags,,https://learn.microsoft.com/en-us/azure/azure-resource-manager/management/tag-resources?tabs=json,app-008
f2e4cd19-7c93-4a22-a9b3-df34a6e7c0af,Boss Labs,GlobalAI-Spain,northeurope,Microsoft.Web/serverfarms/sites,globalai,false,High,Scalability,App Service should have Always On enabled,,https://learn.microsoft.com/en-us/azure/app-service/configure-common?tabs=portal,app-014
f2e4cd19-7c93-4a22-a9b3-df34a6e7c0af,Boss Labs,GlobalAI-Spain,northeurope,Microsoft.Web/serverfarms/sites,globalai,false,Medium,Security,App Service should have VNET Route all enabled for VNET integration,,https://learn.microsoft.com/en-us/azure/app-service/overview-vnet-integration,app-010
f2e4cd19-7c93-4a22-a9b3-df34a6e7c0af,Boss Labs,GlobalAI-Spain,northeurope,Microsoft.Web/serverfarms/sites,globalai,false,Low,Governance,App Service Name should comply with naming conventions,,https://learn.microsoft.com/en-us/azure/cloud-adoption-framework/ready/azure-best-practices/resource-abbreviations,app-006
f2e4cd19-7c93-4a22-a9b3-df34a6e7c0af,Boss Labs,GlobalAI-Spain,northeurope,Microsoft.Web/serverfarms/sites,globalai,false,High,Security,App Service should have private endpoints enabled,,https://learn.microsoft.com/en-us/azure/app-service/networking/private-endpoint,app-004
f2e4cd19-7c93-4a22-a9b3-df34a6e7c0af,Boss Labs,GlobalAI-Spain,northeurope,Microsoft.Web/serverfarms/sites,globalai,false,Medium,High Availability,App Service should avoid using Client Affinity,,https://learn.microsoft.com/en-us/azure/well-architected/service-guides/azure-app-service/reliability#checklist,app-015
f2e4cd19-7c93-4a22-a9b3-df34a6e7c0af,Boss Labs,GlobalAI-Spain,northeurope,Microsoft.Web/serverfarms/sites,globalai,false,High,Security,App Service should not allow insecure FTP,,https://learn.microsoft.com/en-us/azure/app-service/deploy-ftp?tabs=portal,app-013
f2e4cd19-7c93-4a22-a9b3-df34a6e7c0af,Boss Labs,GlobalAI-Spain,northeurope,Microsoft.Web/serverfarms,globalai-serverfarm,false,Low,Governance,Plan Name should comply with naming conventions,,https://learn.microsoft.com/en-us/azure/cloud-adoption-framework/ready/azure-best-practices/resource-abbreviations,asp-006
f2e4cd19-7c93-4a22-a9b3-df34a6e7c0af,Boss Labs,GlobalAI-Spain,northeurope,Microsoft.Web/serverfarms,globalai-serverfarm,false,High,High Availability,Plan should have availability zones enabled,,https://learn.microsoft.com/en-us/azure/reliability/migrate-app-service,asp-002
f2e4cd19-7c93-4a22-a9b3-df34a6e7c0af,Boss Labs,GlobalAI-Spain,northeurope,Microsoft.Web/serverfarms,globalai-serverfarm,false,Low,Monitoring and Alerting,Plan should have diagnostic settings enabled,,,asp-001
f2e4cd19-7c93-4a22-a9b3-df34a6e7c0af,Boss Labs,GlobalAI-Spain,northeurope,Microsoft.KeyVault/vaults,globalai-kv,false,Medium,Disaster Recovery,Key Vault should have soft delete enabled,,https://learn.microsoft.com/en-us/azure/key-vault/general/soft-delete-overview,kv-008
f2e4cd19-7c93-4a22-a9b3-df34a6e7c0af,Boss Labs,GlobalAI-Spain,northeurope,Microsoft.KeyVault/vaults,globalai-kv,false,Low,Governance,Key Vault should have tags,,https://learn.microsoft.com/en-us/azure/azure-resource-manager/management/tag-resources?tabs=json,kv-007
f2e4cd19-7c93-4a22-a9b3-df34a6e7c0af,Boss Labs,GlobalAI-Spain,northeurope,Microsoft.KeyVault/vaults,globalai-kv,false,Low,Governance,Key Vault Name should comply with naming conventions,,https://learn.microsoft.com/en-us/azure/cloud-adoption-framework/ready/azure-best-practices/resource-abbreviations,kv-006
f2e4cd19-7c93-4a22-a9b3-df34a6e7c0af,Boss Labs,GlobalAI-Spain,northeurope,Microsoft.KeyVault/vaults,globalai-kv,false,High,Security,Key Vault should have private endpoints enabled,,https://learn.microsoft.com/en-us/azure/key-vault/general/private-link-service,kv-004
f2e4cd19-7c93-4a22-a9b3-df34a6e7c0af,Boss Labs,GlobalAI-Spain,northeurope,Microsoft.KeyVault/vaults,globalai-kv,false,Low,Monitoring and Alerting,Key Vault should have diagnostic settings enabled,,https://learn.microsoft.com/en-us/azure/key-vault/general/monitor-key-vault,kv-001
f2e4cd19-7c93-4a22-a9b3-df34a6e7c0af,Boss Labs,GlobalAI-Spain,northeurope,Microsoft.KeyVault/vaults,globalai-kv,false,Medium,Disaster Recovery,Key Vault should have purge protection enabled,,https://learn.microsoft.com/en-us/azure/key-vault/general/soft-delete-overview#purge-protection,kv-009
f2e4cd19-7c93-4a22-a9b3-df34a6e7c0af,Boss Labs,GlobalAI-Spain,westus,Microsoft.Cdn/profiles,globalai,false,Low,Governance,Azure FrontDoor Name should comply with naming conventions,,https://learn.microsoft.com/en-us/azure/cloud-adoption-framework/ready/azure-best-practices/resource-abbreviations,afd-006
f2e4cd19-7c93-4a22-a9b3-df34a6e7c0af,Boss Labs,GlobalAI-Spain,westus,Microsoft.Cdn/profiles,globalai,false,Low,Monitoring and Alerting,Azure FrontDoor should have diagnostic settings enabled,,https://learn.microsoft.com/en-us/azure/frontdoor/standard-premium/how-to-logs,afd-001
f2e4cd19-7c93-4a22-a9b3-df34a6e7c0af,Boss Labs,GlobalAI-Spain,westus,Microsoft.Cdn/profiles,globalai,false,Low,Governance,Azure FrontDoor should have tags,,https://learn.microsoft.com/en-us/azure/azure-resource-manager/management/tag-resources?tabs=json,afd-007
f2e4cd19-7c93-4a22-a9b3-df34a6e7c0af,Boss Labs,GlobalAI-Spain,northeurope,Microsoft.Storage/storageAccounts,globalai,false,Low,Governance,Storage Account should have tags,,https://learn.microsoft.com/en-us/azure/azure-resource-manager/management/tag-resources?tabs=json,st-008
f2e4cd19-7c93-4a22-a9b3-df34a6e7c0af,Boss Labs,GlobalAI-Spain,northeurope,Microsoft.Storage/storageAccounts,globalai,false,Low,Monitoring and Alerting,Storage should have diagnostic settings enabled,,https://learn.microsoft.com/en-us/azure/storage/blobs/monitor-blob-storage,st-001
f2e4cd19-7c93-4a22-a9b3-df34a6e7c0af,Boss Labs,GlobalAI-Spain,northeurope,Microsoft.Storage/storageAccounts,globalai,false,Medium,Disaster Recovery,Storage Account should have soft delete enabled,,https://learn.microsoft.com/en-us/azure/well-architected/service-guides/storage-accounts/reliability,st-011
f2e4cd19-7c93-4a22-a9b3-df34a6e7c0af,Boss Labs,GlobalAI-Spain,northeurope,Microsoft.Storage/storageAccounts,globalai,false,Low,Security,Storage Account should enforce TLS >= 1.2,,https://learn.microsoft.com/en-us/azure/storage/common/transport-layer-security-configure-minimum-version?tabs=portal,st-009
f2e4cd19-7c93-4a22-a9b3-df34a6e7c0af,Boss Labs,GlobalAI-Spain,northeurope,Microsoft.Storage/storageAccounts,globalai,false,Low,Governance,Storage Name should comply with naming conventions,,https://learn.microsoft.com/en-us/azure/cloud-adoption-framework/ready/azure-best-practices/resource-abbreviations,st-006
f2e4cd19-7c93-4a22-a9b3-df34a6e7c0af,Boss Labs,GlobalAI-Spain,northeurope,Microsoft.Storage/storageAccounts,globalai,false,High,High Availability,Storage should have availability zones enabled,,https://learn.microsoft.com/EN-US/azure/reliability/migrate-storage,st-002
f2e4cd19-7c93-4a22-a9b3-df34a6e7c0af,Boss Labs,GlobalAI-Spain,northeurope,Microsoft.Storage/storageAccounts,globalai,false,High,Security,Storage should have private endpoints enabled,,https://learn.microsoft.com/en-us/azure/storage/common/storage-private-endpoints,st-004
f2e4cd19-7c93-4a22-a9b3-df34a6e7c0af,Boss Labs,GlobalAI-Spain,northeurope,Microsoft.Storage/storageAccounts,globalai,false,Low,Disaster Recovery,Storage Account should have inmutable storage versioning enabled,,https://learn.microsoft.com/en-us/azure/well-architected/service-guides/storage-accounts/reliability,st-010
f2e4cd19-7c93-4a22-a9b3-df34a6e7c0af,Boss Labs,GlobalAI-Spain,northeurope,microsoft.insights/components,globalai,false,Low,Scalability,Azure Application Insights should store data in a Log Analytics Workspace,,https://learn.microsoft.com/en-us/azure/azure-monitor/app/create-workspace-resource,appi-004
f2e4cd19-7c93-4a22-a9b3-df34a6e7c0af,Boss Labs,GlobalAI-Spain,northeurope,microsoft.insights/components,globalai,false,Low,Governance,Azure Application Insights Name should comply with naming conventions,,https://learn.microsoft.com/en-us/azure/cloud-adoption-framework/ready/azure-best-practices/resource-abbreviations,appi-002
f2e4cd19-7c93-4a22-a9b3-df34a6e7c0af,Boss Labs,GlobalAI-Spain,northeurope,Microsoft.Network/virtualNetworks,globalai-vnet,false,Low,Monitoring and Alerting,Virtual Network should have diagnostic settings enabled,,https://learn.microsoft.com/en-us/azure/virtual-network/monitor-virtual-network#collection-and-routing,vnet-001
f2e4cd19-7c93-4a22-a9b3-df34a6e7c0af,Boss Labs,GlobalAI-Spain,northeurope,Microsoft.Network/virtualNetworks,globalai-vnet,false,High,Security,Virtual Network: All Subnets should have a Network Security Group associated,,https://learn.microsoft.com/azure/virtual-network/concepts-and-best-practices,vnet-008
f2e4cd19-7c93-4a22-a9b3-df34a6e7c0af,Boss Labs,GlobalAI-Spain,northeurope,Microsoft.Network/virtualNetworks,globalai-vnet,false,Low,Governance,Virtual Network Name should comply with naming conventions,,https://learn.microsoft.com/en-us/azure/cloud-adoption-framework/ready/azure-best-practices/resource-abbreviations,vnet-006
f2e4cd19-7c93-4a22-a9b3-df34a6e7c0af,Boss Labs,Azurebrains,westeurope,Microsoft.Web/serverfarms/sites,azurebrains,false,Low,Monitoring and Alerting,App Service should have diagnostic settings enabled,,https://learn.microsoft.com/en-us/azure/app-service/troubleshoot-diagnostic-logs#send-logs-to-azure-monitor,app-001
f2e4cd19-7c93-4a22-a9b3-df34a6e7c0af,Boss Labs,Azurebrains,westeurope,Microsoft.Web/serverfarms/sites,azurebrains,false,Medium,Security,App Service should use VNET integration,,https://learn.microsoft.com/en-us/azure/app-service/overview-vnet-integration,app-009
f2e4cd19-7c93-4a22-a9b3-df34a6e7c0af,Boss Labs,Azurebrains,westeurope,Microsoft.Web/serverfarms/sites,azurebrains,false,Low,Governance,App Service should have tags,,https://learn.microsoft.com/en-us/azure/azure-resource-manager/management/tag-resources?tabs=json,app-008
f2e4cd19-7c93-4a22-a9b3-df34a6e7c0af,Boss Labs,Azurebrains,westeurope,Microsoft.Web/serverfarms/sites,azurebrains,false,Medium,Security,App Service should use Managed Identities,,https://learn.microsoft.com/en-us/azure/app-service/overview-managed-identity?tabs=portal%2Chttp,app-016
f2e4cd19-7c93-4a22-a9b3-df34a6e7c0af,Boss Labs,Azurebrains,westeurope,Microsoft.Web/serverfarms/sites,azurebrains,false,Low,Governance,App Service Name should comply with naming conventions,,https://learn.microsoft.com/en-us/azure/cloud-adoption-framework/ready/azure-best-practices/resource-abbreviations,app-006
f2e4cd19-7c93-4a22-a9b3-df34a6e7c0af,Boss Labs,Azurebrains,westeurope,Microsoft.Web/serverfarms/sites,azurebrains,false,High,Security,App Service should have private endpoints enabled,,https://learn.microsoft.com/en-us/azure/app-service/networking/private-endpoint,app-004
f2e4cd19-7c93-4a22-a9b3-df34a6e7c0af,Boss Labs,Azurebrains,westeurope,Microsoft.Web/serverfarms/sites,azurebrains,false,High,Scalability,App Service should have Always On enabled,,https://learn.microsoft.com/en-us/azure/app-service/configure-common?tabs=portal,app-014
f2e4cd19-7c93-4a22-a9b3-df34a6e7c0af,Boss Labs,Azurebrains,westeurope,Microsoft.Web/serverfarms/sites,azurebrains,false,Medium,Security,App Service should have VNET Route all enabled for VNET integration,,https://learn.microsoft.com/en-us/azure/app-service/overview-vnet-integration,app-010
f2e4cd19-7c93-4a22-a9b3-df34a6e7c0af,Boss Labs,Azurebrains,westeurope,Microsoft.Web/serverfarms,AzureBrainsPlan,false,High,High Availability,Plan should have availability zones enabled,,https://learn.microsoft.com/en-us/azure/reliability/migrate-app-service,asp-002
f2e4cd19-7c93-4a22-a9b3-df34a6e7c0af,Boss Labs,Azurebrains,westeurope,Microsoft.Web/serverfarms,AzureBrainsPlan,false,Low,Monitoring and Alerting,Plan should have diagnostic settings enabled,,,asp-001
f2e4cd19-7c93-4a22-a9b3-df34a6e7c0af,Boss Labs,Azurebrains,westeurope,Microsoft.Web/serverfarms,AzureBrainsPlan,false,Low,Governance,Plan should have tags,,https://learn.microsoft.com/en-us/azure/azure-resource-manager/management/tag-resources?tabs=json,asp-007
f2e4cd19-7c93-4a22-a9b3-df34a6e7c0af,Boss Labs,Azurebrains,westeurope,Microsoft.Web/serverfarms,AzureBrainsPlan,false,Low,Governance,Plan Name should comply with naming conventions,,https://learn.microsoft.com/en-us/azure/cloud-adoption-framework/ready/azure-best-practices/resource-abbreviations,asp-006
f2e4cd19-7c93-4a22-a9b3-df34a6e7c0af,Boss Labs,Azurebrains,northeurope,Microsoft.Web/serverfarms/sites,azurebrainsbot,false,Low,Governance,App Service Name should comply with naming conventions,,https://learn.microsoft.com/en-us/azure/cloud-adoption-framework/ready/azure-best-practices/resource-abbreviations,app-006
f2e4cd19-7c93-4a22-a9b3-df34a6e7c0af,Boss Labs,Azurebrains,northeurope,Microsoft.Web/serverfarms/sites,azurebrainsbot,false,Medium,High Availability,App Service should avoid using Client Affinity,,https://learn.microsoft.com/en-us/azure/well-architected/service-guides/azure-app-service/reliability#checklist,app-015
f2e4cd19-7c93-4a22-a9b3-df34a6e7c0af,Boss Labs,Azurebrains,northeurope,Microsoft.Web/serverfarms/sites,azurebrainsbot,false,Medium,Security,App Service should have VNET Route all enabled for VNET integration,,https://learn.microsoft.com/en-us/azure/app-service/overview-vnet-integration,app-010
f2e4cd19-7c93-4a22-a9b3-df34a6e7c0af,Boss Labs,Azurebrains,northeurope,Microsoft.Web/serverfarms/sites,azurebrainsbot,false,High,Security,App Service should use HTTPS only,,https://learn.microsoft.com/azure/app-service/configure-ssl-bindings#enforce-https,app-007
f2e4cd19-7c93-4a22-a9b3-df34a6e7c0af,Boss Labs,Azurebrains,northeurope,Microsoft.Web/serverfarms/sites,azurebrainsbot,false,Medium,Security,App Service should use VNET integration,,https://learn.microsoft.com/en-us/azure/app-service/overview-vnet-integration,app-009
f2e4cd19-7c93-4a22-a9b3-df34a6e7c0af,Boss Labs,Azurebrains,northeurope,Microsoft.Web/serverfarms/sites,azurebrainsbot,false,High,Scalability,App Service should have Always On enabled,,https://learn.microsoft.com/en-us/azure/app-service/configure-common?tabs=portal,app-014
f2e4cd19-7c93-4a22-a9b3-df34a6e7c0af,Boss Labs,Azurebrains,northeurope,Microsoft.Web/serverfarms/sites,azurebrainsbot,false,High,Security,App Service should have private endpoints enabled,,https://learn.microsoft.com/en-us/azure/app-service/networking/private-endpoint,app-004
f2e4cd19-7c93-4a22-a9b3-df34a6e7c0af,Boss Labs,Azurebrains,northeurope,Microsoft.Web/serverfarms,azurebrainsbotplan,false,High,High Availability,Plan should have a SLA,None,https://www.azure.cn/en-us/support/sla/app-service/,asp-003
f2e4cd19-7c93-4a22-a9b3-df34a6e7c0af,Boss Labs,Azurebrains,northeurope,Microsoft.Web/serverfarms,azurebrainsbotplan,false,High,High Availability,Plan should have availability zones enabled,,https://learn.microsoft.com/en-us/azure/reliability/migrate-app-service,asp-002
f2e4cd19-7c93-4a22-a9b3-df34a6e7c0af,Boss Labs,Azurebrains,northeurope,Microsoft.Web/serverfarms,azurebrainsbotplan,false,Low,Monitoring and Alerting,Plan should have diagnostic settings enabled,,,asp-001
f2e4cd19-7c93-4a22-a9b3-df34a6e7c0af,Boss Labs,Azurebrains,northeurope,Microsoft.Web/serverfarms,azurebrainsbotplan,false,Low,Governance,Plan should have tags,,https://learn.microsoft.com/en-us/azure/azure-resource-manager/management/tag-resources?tabs=json,asp-007
f2e4cd19-7c93-4a22-a9b3-df34a6e7c0af,Boss Labs,Azurebrains,northeurope,Microsoft.Web/serverfarms,azurebrainsbotplan,false,Low,Governance,Plan Name should comply with naming conventions,,https://learn.microsoft.com/en-us/azure/cloud-adoption-framework/ready/azure-best-practices/resource-abbreviations,asp-006
f2e4cd19-7c93-4a22-a9b3-df34a6e7c0af,Boss Labs,Azurebrains,westeurope,Microsoft.KeyVault/vaults,kv-azurebrains,false,High,Security,Key Vault should have private endpoints enabled,,https://learn.microsoft.com/en-us/azure/key-vault/general/private-link-service,kv-004
f2e4cd19-7c93-4a22-a9b3-df34a6e7c0af,Boss Labs,Azurebrains,westeurope,Microsoft.KeyVault/vaults,kv-azurebrains,false,Low,Monitoring and Alerting,Key Vault should have diagnostic settings enabled,,https://learn.microsoft.com/en-us/azure/key-vault/general/monitor-key-vault,kv-001
f2e4cd19-7c93-4a22-a9b3-df34a6e7c0af,Boss Labs,Azurebrains,westeurope,Microsoft.KeyVault/vaults,kv-azurebrains,false,Medium,Disaster Recovery,Key Vault should have purge protection enabled,,https://learn.microsoft.com/en-us/azure/key-vault/general/soft-delete-overview#purge-protection,kv-009
f2e4cd19-7c93-4a22-a9b3-df34a6e7c0af,Boss Labs,Azurebrains,westeurope,Microsoft.KeyVault/vaults,kv-azurebrains,false,Low,Governance,Key Vault should have tags,,https://learn.microsoft.com/en-us/azure/azure-resource-manager/management/tag-resources?tabs=json,kv-007
f2e4cd19-7c93-4a22-a9b3-df34a6e7c0af,Boss Labs,Azurebrains,northeurope,Microsoft.Storage/storageAccounts,storagedeveloperdays,false,Low,Disaster Recovery,Storage Account should have inmutable storage versioning enabled,,https://learn.microsoft.com/en-us/azure/well-architected/service-guides/storage-accounts/reliability,st-010
f2e4cd19-7c93-4a22-a9b3-df34a6e7c0af,Boss Labs,Azurebrains,northeurope,Microsoft.Storage/storageAccounts,storagedeveloperdays,false,Low,Governance,Storage Account should have tags,,https://learn.microsoft.com/en-us/azure/azure-resource-manager/management/tag-resources?tabs=json,st-008
f2e4cd19-7c93-4a22-a9b3-df34a6e7c0af,Boss Labs,Azurebrains,northeurope,Microsoft.Storage/storageAccounts,storagedeveloperdays,false,High,High Availability,Storage should have availability zones enabled,,https://learn.microsoft.com/EN-US/azure/reliability/migrate-storage,st-002
f2e4cd19-7c93-4a22-a9b3-df34a6e7c0af,Boss Labs,Azurebrains,northeurope,Microsoft.Storage/storageAccounts,storagedeveloperdays,false,High,Security,Storage should have private endpoints enabled,,https://learn.microsoft.com/en-us/azure/storage/common/storage-private-endpoints,st-004
f2e4cd19-7c93-4a22-a9b3-df34a6e7c0af,Boss Labs,Azurebrains,northeurope,Microsoft.Storage/storageAccounts,storagedeveloperdays,false,Low,Monitoring and Alerting,Storage should have diagnostic settings enabled,,https://learn.microsoft.com/en-us/azure/storage/blobs/monitor-blob-storage,st-001
f2e4cd19-7c93-4a22-a9b3-df34a6e7c0af,Boss Labs,Azurebrains,northeurope,Microsoft.Storage/storageAccounts,pruebrates,false,Low,Governance,Storage Name should comply with naming conventions,,https://learn.microsoft.com/en-us/azure/cloud-adoption-framework/ready/azure-best-practices/resource-abbreviations,st-006
f2e4cd19-7c93-4a22-a9b3-df34a6e7c0af,Boss Labs,Azurebrains,northeurope,Microsoft.Storage/storageAccounts,pruebrates,false,High,High Availability,Storage should have availability zones enabled,,https://learn.microsoft.com/EN-US/azure/reliability/migrate-storage,st-002
f2e4cd19-7c93-4a22-a9b3-df34a6e7c0af,Boss Labs,Azurebrains,northeurope,Microsoft.Storage/storageAccounts,pruebrates,false,High,Security,Storage should have private endpoints enabled,,https://learn.microsoft.com/en-us/azure/storage/common/storage-private-endpoints,st-004
f2e4cd19-7c93-4a22-a9b3-df34a6e7c0af,Boss Labs,Azurebrains,northeurope,Microsoft.Storage/storageAccounts,pruebrates,false,Low,Monitoring and Alerting,Storage should have diagnostic settings enabled,,https://learn.microsoft.com/en-us/azure/storage/blobs/monitor-blob-storage,st-001
f2e4cd19-7c93-4a22-a9b3-df34a6e7c0af,Boss Labs,Azurebrains,northeurope,Microsoft.Storage/storageAccounts,pruebrates,false,Low,Disaster Recovery,Storage Account should have inmutable storage versioning enabled,,https://learn.microsoft.com/en-us/azure/well-architected/service-guides/storage-accounts/reliability,st-010
f2e4cd19-7c93-4a22-a9b3-df34a6e7c0af,Boss Labs,Azurebrains,northeurope,Microsoft.Storage/storageAccounts,pruebrates,false,Low,Governance,Storage Account should have tags,,https://learn.microsoft.com/en-us/azure/azure-resource-manager/management/tag-resources?tabs=json,st-008
f2e4cd19-7c93-4a22-a9b3-df34a6e7c0af,Boss Labs,Azurebrains,northeurope,Microsoft.Storage/storageAccounts,azurebrains,false,High,Security,Storage Account should use HTTPS only,,https://learn.microsoft.com/en-us/azure/storage/common/storage-require-secure-transfer,st-007
f2e4cd19-7c93-4a22-a9b3-df34a6e7c0af,Boss Labs,Azurebrains,northeurope,Microsoft.Storage/storageAccounts,azurebrains,false,Low,Monitoring and Alerting,Storage should have diagnostic settings enabled,,https://learn.microsoft.com/en-us/azure/storage/blobs/monitor-blob-storage,st-001
f2e4cd19-7c93-4a22-a9b3-df34a6e7c0af,Boss Labs,Azurebrains,northeurope,Microsoft.Storage/storageAccounts,azurebrains,false,Medium,Disaster Recovery,Storage Account should have soft delete enabled,,https://learn.microsoft.com/en-us/azure/well-architected/service-guides/storage-accounts/reliability,st-011
f2e4cd19-7c93-4a22-a9b3-df34a6e7c0af,Boss Labs,Azurebrains,northeurope,Microsoft.Storage/storageAccounts,azurebrains,false,Low,Security,Storage Account should enforce TLS >= 1.2,,https://learn.microsoft.com/en-us/azure/storage/common/transport-layer-security-configure-minimum-version?tabs=portal,st-009
f2e4cd19-7c93-4a22-a9b3-df34a6e7c0af,Boss Labs,Azurebrains,northeurope,Microsoft.Storage/storageAccounts,azurebrains,false,High,Security,Storage should have private endpoints enabled,,https://learn.microsoft.com/en-us/azure/storage/common/storage-private-endpoints,st-004
f2e4cd19-7c93-4a22-a9b3-df34a6e7c0af,Boss Labs,Azurebrains,northeurope,Microsoft.Storage/storageAccounts,azurebrains,false,Low,Governance,Storage Name should comply with naming conventions,,https://learn.microsoft.com/en-us/azure/cloud-adoption-framework/ready/azure-best-practices/resource-abbreviations,st-006
f2e4cd19-7c93-4a22-a9b3-df34a6e7c0af,Boss Labs,Azurebrains,northeurope,Microsoft.Storage/storageAccounts,azurebrains,false,High,High Availability,Storage should have availability zones enabled,,https://learn.microsoft.com/EN-US/azure/reliability/migrate-storage,st-002
f2e4cd19-7c93-4a22-a9b3-df34a6e7c0af,Boss Labs,Azurebrains,northeurope,Microsoft.Storage/storageAccounts,azurebrains,false,Low,Disaster Recovery,Storage Account should have inmutable storage versioning enabled,,https://learn.microsoft.com/en-us/azure/well-architected/service-guides/storage-accounts/reliability,st-010
f2e4cd19-7c93-4a22-a9b3-df34a6e7c0af,Boss Labs,Azurebrains,westeurope,Microsoft.DBforMySQL/flexibleServers,azurebrains-mysqldbserver,false,High,Security,Azure Database for MySQL - Flexible Server should have private access enabled,,https://learn.microsoft.com/en-us/azure/mysql/flexible-server/how-to-manage-virtual-network-cli,mysqlf-004
f2e4cd19-7c93-4a22-a9b3-df34a6e7c0af,Boss Labs,Azurebrains,westeurope,Microsoft.DBforMySQL/flexibleServers,azurebrains-mysqldbserver,false,High,High Availability,Azure Database for MySQL - Flexible Server should have availability zones enabled,,https://learn.microsoft.com/en-us/azure/mysql/flexible-server/how-to-configure-high-availability-cli,mysqlf-002
f2e4cd19-7c93-4a22-a9b3-df34a6e7c0af,Boss Labs,Azurebrains,westeurope,Microsoft.DBforMySQL/flexibleServers,azurebrains-mysqldbserver,false,Low,Monitoring and Alerting,Azure Database for MySQL - Flexible Server should have diagnostic settings enabled,,https://learn.microsoft.com/en-us/azure/mysql/flexible-server/tutorial-query-performance-insights#set-up-diagnostics,mysqlf-001
f2e4cd19-7c93-4a22-a9b3-df34a6e7c0af,Boss Labs,Azurebrains,westeurope,Microsoft.DBforMySQL/flexibleServers,azurebrains-mysqldbserver,false,Low,Governance,Azure Database for MySQL - Flexible Server should have tags,,https://learn.microsoft.com/en-us/azure/azure-resource-manager/management/tag-resources?tabs=json,mysqlf-007
f2e4cd19-7c93-4a22-a9b3-df34a6e7c0af,Boss Labs,Azurebrains,westeurope,Microsoft.DBforMySQL/flexibleServers,azurebrains-mysqldbserver,false,Low,Governance,Azure Database for MySQL - Flexible Server Name should comply with naming conventions,,https://learn.microsoft.com/en-us/azure/cloud-adoption-framework/ready/azure-best-practices/resource-abbreviations,mysqlf-006
f2e4cd19-7c93-4a22-a9b3-df34a6e7c0af,Boss Labs,Azurebrains,northeurope,microsoft.insights/components,AzurebrainsBot,false,Low,Governance,Azure Application Insights Name should comply with naming conventions,,https://learn.microsoft.com/en-us/azure/cloud-adoption-framework/ready/azure-best-practices/resource-abbreviations,appi-002
f2e4cd19-7c93-4a22-a9b3-df34a6e7c0af,Boss Labs,Azurebrains,northeurope,microsoft.insights/components,AzurebrainsBot,false,Low,Scalability,Azure Application Insights should store data in a Log Analytics Workspace,,https://learn.microsoft.com/en-us/azure/azure-monitor/app/create-workspace-resource,appi-004
f2e4cd19-7c93-4a22-a9b3-df34a6e7c0af,Boss Labs,Azurebrains,northeurope,microsoft.insights/components,AzurebrainsBot,false,Low,Governance,Azure Application Insights should have tags,,https://learn.microsoft.com/en-us/azure/azure-resource-manager/management/tag-resources?tabs=json,appi-003
f2e4cd19-7c93-4a22-a9b3-df34a6e7c0af,Boss Labs,Azurebrains,northeurope,microsoft.insights/components,azurebrains,false,Low,Scalability,Azure Application Insights should store data in a Log Analytics Workspace,,https://learn.microsoft.com/en-us/azure/azure-monitor/app/create-workspace-resource,appi-004
f2e4cd19-7c93-4a22-a9b3-df34a6e7c0af,Boss Labs,Azurebrains,northeurope,microsoft.insights/components,azurebrains,false,Low,Governance,Azure Application Insights should have tags,,https://learn.microsoft.com/en-us/azure/azure-resource-manager/management/tag-resources?tabs=json,appi-003
f2e4cd19-7c93-4a22-a9b3-df34a6e7c0af,Boss Labs,Azurebrains,northeurope,microsoft.insights/components,azurebrains,false,Low,Governance,Azure Application Insights Name should comply with naming conventions,,https://learn.microsoft.com/en-us/azure/cloud-adoption-framework/ready/azure-best-practices/resource-abbreviations,appi-002
f2e4cd19-7c93-4a22-a9b3-df34a6e7c0af,Boss Labs,ratflowapp-rg,eastus2,Microsoft.Web/serverfarms/sites,ratflowassistant,false,High,Security,App Service should have private endpoints enabled,,https://learn.microsoft.com/en-us/azure/app-service/networking/private-endpoint,app-004
f2e4cd19-7c93-4a22-a9b3-df34a6e7c0af,Boss Labs,ratflowapp-rg,eastus2,Microsoft.Web/serverfarms/sites,ratflowassistant,false,Medium,Security,App Service should use VNET integration,,https://learn.microsoft.com/en-us/azure/app-service/overview-vnet-integration,app-009
f2e4cd19-7c93-4a22-a9b3-df34a6e7c0af,Boss Labs,ratflowapp-rg,eastus2,Microsoft.Web/serverfarms/sites,ratflowassistant,false,Medium,Security,App Service should have VNET Route all enabled for VNET integration,,https://learn.microsoft.com/en-us/azure/app-service/overview-vnet-integration,app-010
f2e4cd19-7c93-4a22-a9b3-df34a6e7c0af,Boss Labs,ratflowapp-rg,eastus2,Microsoft.Web/serverfarms/sites,ratflowassistant,false,Low,Monitoring and Alerting,App Service should have diagnostic settings enabled,,https://learn.microsoft.com/en-us/azure/app-service/troubleshoot-diagnostic-logs#send-logs-to-azure-monitor,app-001
f2e4cd19-7c93-4a22-a9b3-df34a6e7c0af,Boss Labs,ratflowapp-rg,eastus2,Microsoft.Web/serverfarms/sites,ratflowassistant,false,Low,Governance,App Service Name should comply with naming conventions,,https://learn.microsoft.com/en-us/azure/cloud-adoption-framework/ready/azure-best-practices/resource-abbreviations,app-006
f2e4cd19-7c93-4a22-a9b3-df34a6e7c0af,Boss Labs,ratflowapp-rg,eastus2,Microsoft.Web/serverfarms/sites,ratflowassistant,false,Low,Governance,App Service should have tags,,https://learn.microsoft.com/en-us/azure/azure-resource-manager/management/tag-resources?tabs=json,app-008
f2e4cd19-7c93-4a22-a9b3-df34a6e7c0af,Boss Labs,ratflowapp-rg,eastus2,Microsoft.Web/serverfarms/sites,ratflow,false,High,Security,App Service should have private endpoints enabled,,https://learn.microsoft.com/en-us/azure/app-service/networking/private-endpoint,app-004
f2e4cd19-7c93-4a22-a9b3-df34a6e7c0af,Boss Labs,ratflowapp-rg,eastus2,Microsoft.Web/serverfarms/sites,ratflow,false,Low,Monitoring and Alerting,App Service should have diagnostic settings enabled,,https://learn.microsoft.com/en-us/azure/app-service/troubleshoot-diagnostic-logs#send-logs-to-azure-monitor,app-001
f2e4cd19-7c93-4a22-a9b3-df34a6e7c0af,Boss Labs,ratflowapp-rg,eastus2,Microsoft.Web/serverfarms/sites,ratflow,false,Medium,Security,App Service should use VNET integration,,https://learn.microsoft.com/en-us/azure/app-service/overview-vnet-integration,app-009
f2e4cd19-7c93-4a22-a9b3-df34a6e7c0af,Boss Labs,ratflowapp-rg,eastus2,Microsoft.Web/serverfarms/sites,ratflow,false,Low,Governance,App Service Name should comply with naming conventions,,https://learn.microsoft.com/en-us/azure/cloud-adoption-framework/ready/azure-best-practices/resource-abbreviations,app-006
f2e4cd19-7c93-4a22-a9b3-df34a6e7c0af,Boss Labs,ratflowapp-rg,eastus2,Microsoft.Web/serverfarms/sites,ratflow,false,Medium,Security,App Service should have VNET Route all enabled for VNET integration,,https://learn.microsoft.com/en-us/azure/app-service/overview-vnet-integration,app-010
f2e4cd19-7c93-4a22-a9b3-df34a6e7c0af,Boss Labs,ratflowapp-rg,eastus2,Microsoft.Web/serverfarms/sites,ratflow,false,Low,Governance,App Service should have tags,,https://learn.microsoft.com/en-us/azure/azure-resource-manager/management/tag-resources?tabs=json,app-008
f2e4cd19-7c93-4a22-a9b3-df34a6e7c0af,Boss Labs,ratflowapp-rg,eastus2,Microsoft.Web/serverfarms,ASP-ratflowapprg-bab4,false,Low,Governance,Plan should have tags,,https://learn.microsoft.com/en-us/azure/azure-resource-manager/management/tag-resources?tabs=json,asp-007
f2e4cd19-7c93-4a22-a9b3-df34a6e7c0af,Boss Labs,ratflowapp-rg,eastus2,Microsoft.Web/serverfarms,ASP-ratflowapprg-bab4,false,Low,Governance,Plan Name should comply with naming conventions,,https://learn.microsoft.com/en-us/azure/cloud-adoption-framework/ready/azure-best-practices/resource-abbreviations,asp-006
f2e4cd19-7c93-4a22-a9b3-df34a6e7c0af,Boss Labs,ratflowapp-rg,eastus2,Microsoft.Web/serverfarms,ASP-ratflowapprg-bab4,false,High,High Availability,Plan should have availability zones enabled,,https://learn.microsoft.com/en-us/azure/reliability/migrate-app-service,asp-002
f2e4cd19-7c93-4a22-a9b3-df34a6e7c0af,Boss Labs,ratflowapp-rg,eastus2,Microsoft.Web/serverfarms,ASP-ratflowapprg-bab4,false,Low,Monitoring and Alerting,Plan should have diagnostic settings enabled,,,asp-001
f2e4cd19-7c93-4a22-a9b3-df34a6e7c0af,Boss Labs,ratflow-rg,eastus2,Microsoft.KeyVault/vaults,kv-pfrat01,false,High,Security,Key Vault should have private endpoints enabled,,https://learn.microsoft.com/en-us/azure/key-vault/general/private-link-service,kv-004
f2e4cd19-7c93-4a22-a9b3-df34a6e7c0af,Boss Labs,ratflow-rg,eastus2,Microsoft.KeyVault/vaults,kv-pfrat01,false,Medium,Disaster Recovery,Key Vault should have purge protection enabled,,https://learn.microsoft.com/en-us/azure/key-vault/general/soft-delete-overview#purge-protection,kv-009
f2e4cd19-7c93-4a22-a9b3-df34a6e7c0af,Boss Labs,ratflow-rg,eastus2,Microsoft.KeyVault/vaults,kv-pfrat01,false,Low,Governance,Key Vault should have tags,,https://learn.microsoft.com/en-us/azure/azure-resource-manager/management/tag-resources?tabs=json,kv-007
f2e4cd19-7c93-4a22-a9b3-df34a6e7c0af,Boss Labs,ratflow-rg,eastus2,Microsoft.CognitiveServices/accounts,oai-pfrat01,false,Low,Governance,Cognitive Service Account Name should comply with naming conventions,,https://learn.microsoft.com/en-us/azure/cloud-adoption-framework/ready/azure-best-practices/resource-abbreviations,cog-006
f2e4cd19-7c93-4a22-a9b3-df34a6e7c0af,Boss Labs,ratflow-rg,eastus2,Microsoft.CognitiveServices/accounts,oai-pfrat01,false,High,Security,Cognitive Service Account should have private endpoints enabled,,https://learn.microsoft.com/en-us/azure/cognitive-services/cognitive-services-virtual-networks,cog-004
f2e4cd19-7c93-4a22-a9b3-df34a6e7c0af,Boss Labs,ratflow-rg,eastus2,Microsoft.CognitiveServices/accounts,oai-pfrat01,false,Low,Monitoring and Alerting,Cognitive Service Account should have diagnostic settings enabled,,https://learn.microsoft.com/en-us/azure/event-hubs/monitor-event-hubs#collection-and-routing,cog-001
f2e4cd19-7c93-4a22-a9b3-df34a6e7c0af,Boss Labs,ratflow-rg,eastus2,Microsoft.CognitiveServices/accounts,oai-pfrat01,false,Medium,Security,Cognitive Service Account should have local authentication disabled,,https://learn.microsoft.com/en-us/azure/ai-services/policy-reference#azure-ai-services,cog-008
f2e4cd19-7c93-4a22-a9b3-df34a6e7c0af,Boss Labs,ratflow-rg,eastus2,Microsoft.CognitiveServices/accounts,oai-pfrat01,false,Low,Governance,Cognitive Service Account should have tags,,https://learn.microsoft.com/en-us/azure/azure-resource-manager/management/tag-resources?tabs=json,cog-007
f2e4cd19-7c93-4a22-a9b3-df34a6e7c0af,Boss Labs,ratflow-rg,eastus2,Microsoft.Storage/storageAccounts,stpfrat01,false,High,High Availability,Storage should have availability zones enabled,,https://learn.microsoft.com/EN-US/azure/reliability/migrate-storage,st-002
f2e4cd19-7c93-4a22-a9b3-df34a6e7c0af,Boss Labs,ratflow-rg,eastus2,Microsoft.Storage/storageAccounts,stpfrat01,false,Medium,Disaster Recovery,Storage Account should have soft delete enabled,,https://learn.microsoft.com/en-us/azure/well-architected/service-guides/storage-accounts/reliability,st-011
f2e4cd19-7c93-4a22-a9b3-df34a6e7c0af,Boss Labs,ratflow-rg,eastus2,Microsoft.Storage/storageAccounts,stpfrat01,false,Low,Governance,Storage Account should have tags,,https://learn.microsoft.com/en-us/azure/azure-resource-manager/management/tag-resources?tabs=json,st-008
f2e4cd19-7c93-4a22-a9b3-df34a6e7c0af,Boss Labs,ratflow-rg,eastus2,Microsoft.Storage/storageAccounts,stpfrat01,false,High,Security,Storage should have private endpoints enabled,,https://learn.microsoft.com/en-us/azure/storage/common/storage-private-endpoints,st-004
f2e4cd19-7c93-4a22-a9b3-df34a6e7c0af,Boss Labs,ratflow-rg,eastus2,Microsoft.Storage/storageAccounts,stpfrat01,false,Low,Monitoring and Alerting,Storage should have diagnostic settings enabled,,https://learn.microsoft.com/en-us/azure/storage/blobs/monitor-blob-storage,st-001
f2e4cd19-7c93-4a22-a9b3-df34a6e7c0af,Boss Labs,ratflow-rg,eastus2,Microsoft.Storage/storageAccounts,stpfrat01,false,Low,Disaster Recovery,Storage Account should have inmutable storage versioning enabled,,https://learn.microsoft.com/en-us/azure/well-architected/service-guides/storage-accounts/reliability,st-010
f2e4cd19-7c93-4a22-a9b3-df34a6e7c0af,Boss Labs,ratflow-rg,eastus2,Microsoft.DocumentDB/databaseAccounts,cosmos-pfrat01,false,High,Security,CosmosDB should have local authentication disabled,,https://learn.microsoft.com/en-us/azure/cosmos-db/how-to-setup-rbac#disable-local-auth,cosmos-008
f2e4cd19-7c93-4a22-a9b3-df34a6e7c0af,Boss Labs,ratflow-rg,eastus2,Microsoft.DocumentDB/databaseAccounts,cosmos-pfrat01,false,Low,Monitoring and Alerting,CosmosDB should have diagnostic settings enabled,,https://learn.microsoft.com/en-us/azure/cosmos-db/monitor-resource-logs,cosmos-001
f2e4cd19-7c93-4a22-a9b3-df34a6e7c0af,Boss Labs,ratflow-rg,eastus2,Microsoft.DocumentDB/databaseAccounts,cosmos-pfrat01,false,High,Security,"CosmosDB: disable write operations on metadata resources (databases, containers, throughput) via account keys",,https://learn.microsoft.com/en-us/azure/cosmos-db/role-based-access-control#set-via-arm-template,cosmos-009
f2e4cd19-7c93-4a22-a9b3-df34a6e7c0af,Boss Labs,ratflow-rg,eastus2,Microsoft.DocumentDB/databaseAccounts,cosmos-pfrat01,false,High,High Availability,CosmosDB should have availability zones enabled,,https://learn.microsoft.com/en-us/azure/cosmos-db/high-availability,cosmos-002
f2e4cd19-7c93-4a22-a9b3-df34a6e7c0af,Boss Labs,ratflow-rg,eastus2,Microsoft.DocumentDB/databaseAccounts,cosmos-pfrat01,false,High,Security,CosmosDB should have private endpoints enabled,,https://learn.microsoft.com/en-us/azure/cosmos-db/how-to-configure-private-endpoints,cosmos-004
f2e4cd19-7c93-4a22-a9b3-df34a6e7c0af,Boss Labs,ratflow-rg,eastus2,microsoft.insights/components,appi-pfrat01,false,Low,Governance,Azure Application Insights should have tags,,https://learn.microsoft.com/en-us/azure/azure-resource-manager/management/tag-resources?tabs=json,appi-003
f2e4cd19-7c93-4a22-a9b3-df34a6e7c0af,Boss Labs,ratflow-rg,eastus2,Microsoft.ContainerRegistry/registries,acrpfrat01,false,Low,Governance,ContainerRegistry Name should comply with naming conventions,,https://learn.microsoft.com/en-us/azure/cloud-adoption-framework/ready/azure-best-practices/resource-abbreviations,cr-006
f2e4cd19-7c93-4a22-a9b3-df34a6e7c0af,Boss Labs,ratflow-rg,eastus2,Microsoft.ContainerRegistry/registries,acrpfrat01,false,Medium,Governance,ContainerRegistry should use retention policies,,https://learn.microsoft.com/en-us/azure/container-registry/container-registry-retention-policy,cr-010
f2e4cd19-7c93-4a22-a9b3-df34a6e7c0af,Boss Labs,ratflow-rg,eastus2,Microsoft.ContainerRegistry/registries,acrpfrat01,false,Low,Monitoring and Alerting,ContainerRegistry should have diagnostic settings enabled,,https://learn.microsoft.com/en-us/azure/container-registry/monitor-service,cr-001
f2e4cd19-7c93-4a22-a9b3-df34a6e7c0af,Boss Labs,ratflow-rg,eastus2,Microsoft.ContainerRegistry/registries,acrpfrat01,false,High,High Availability,ContainerRegistry should have availability zones enabled,,https://learn.microsoft.com/en-us/azure/container-registry/zone-redundancy,cr-002
f2e4cd19-7c93-4a22-a9b3-df34a6e7c0af,Boss Labs,ratflow-rg,eastus2,Microsoft.ContainerRegistry/registries,acrpfrat01,false,High,Security,ContainerRegistry should have private endpoints enabled,,https://learn.microsoft.com/en-us/azure/container-registry/container-registry-private-link,cr-004
f2e4cd19-7c93-4a22-a9b3-df34a6e7c0af,Boss Labs,ratflow-rg,eastus2,Microsoft.ContainerRegistry/registries,acrpfrat01,false,Low,Governance,ContainerRegistry should have tags,,https://learn.microsoft.com/en-us/azure/azure-resource-manager/management/tag-resources?tabs=json,cr-009
f2e4cd19-7c93-4a22-a9b3-df34a6e7c0af,Boss Labs,ratflow-rg,westeurope,Microsoft.Logic/workflows,ReadEmailToPromptFlow,false,Low,Monitoring and Alerting,Logic App should have diagnostic settings enabled,,https://learn.microsoft.com/en-us/azure/logic-apps/monitor-workflows-collect-diagnostic-data,logic-001
f2e4cd19-7c93-4a22-a9b3-df34a6e7c0af,Boss Labs,ratflow-rg,westeurope,Microsoft.Logic/workflows,ReadEmailToPromptFlow,false,Low,Governance,Logic App should have tags,,https://learn.microsoft.com/en-us/azure/azure-resource-manager/management/tag-resources?tabs=json,logic-007
f2e4cd19-7c93-4a22-a9b3-df34a6e7c0af,Boss Labs,ratflow-rg,westeurope,Microsoft.Logic/workflows,ReadEmailToPromptFlow,false,Low,Governance,Logic App Name should comply with naming conventions,,https://learn.microsoft.com/en-us/azure/cloud-adoption-framework/ready/azure-best-practices/resource-abbreviations,logic-006
f2e4cd19-7c93-4a22-a9b3-df34a6e7c0af,Boss Labs,GlobalAI-ES,westeurope,Microsoft.Web/serverfarms/sites,globalai-es,false,Medium,Security,App Service should use Managed Identities,,https://learn.microsoft.com/en-us/azure/app-service/overview-managed-identity?tabs=portal%2Chttp,app-016
f2e4cd19-7c93-4a22-a9b3-df34a6e7c0af,Boss Labs,GlobalAI-ES,westeurope,Microsoft.Web/serverfarms/sites,globalai-es,false,Medium,Security,App Service should have VNET Route all enabled for VNET integration,,https://learn.microsoft.com/en-us/azure/app-service/overview-vnet-integration,app-010
f2e4cd19-7c93-4a22-a9b3-df34a6e7c0af,Boss Labs,GlobalAI-ES,westeurope,Microsoft.Web/serverfarms/sites,globalai-es,false,Low,Governance,App Service Name should comply with naming conventions,,https://learn.microsoft.com/en-us/azure/cloud-adoption-framework/ready/azure-best-practices/resource-abbreviations,app-006
f2e4cd19-7c93-4a22-a9b3-df34a6e7c0af,Boss Labs,GlobalAI-ES,westeurope,Microsoft.Web/serverfarms/sites,globalai-es,false,High,Security,App Service should use HTTPS only,,https://learn.microsoft.com/azure/app-service/configure-ssl-bindings#enforce-https,app-007
f2e4cd19-7c93-4a22-a9b3-df34a6e7c0af,Boss Labs,GlobalAI-ES,westeurope,Microsoft.Web/serverfarms/sites,globalai-es,false,High,Security,App Service should have private endpoints enabled,,https://learn.microsoft.com/en-us/azure/app-service/networking/private-endpoint,app-004
f2e4cd19-7c93-4a22-a9b3-df34a6e7c0af,Boss Labs,GlobalAI-ES,westeurope,Microsoft.Web/serverfarms/sites,globalai-es,false,Low,Monitoring and Alerting,App Service should have diagnostic settings enabled,,https://learn.microsoft.com/en-us/azure/app-service/troubleshoot-diagnostic-logs#send-logs-to-azure-monitor,app-001
f2e4cd19-7c93-4a22-a9b3-df34a6e7c0af,Boss Labs,GlobalAI-ES,westeurope,Microsoft.Web/serverfarms,ASP-GlobalAIES-88c2,false,Low,Governance,Plan Name should comply with naming conventions,,https://learn.microsoft.com/en-us/azure/cloud-adoption-framework/ready/azure-best-practices/resource-abbreviations,asp-006
f2e4cd19-7c93-4a22-a9b3-df34a6e7c0af,Boss Labs,GlobalAI-ES,westeurope,Microsoft.Web/serverfarms,ASP-GlobalAIES-88c2,false,High,High Availability,Plan should have availability zones enabled,,https://learn.microsoft.com/en-us/azure/reliability/migrate-app-service,asp-002
f2e4cd19-7c93-4a22-a9b3-df34a6e7c0af,Boss Labs,GlobalAI-ES,westeurope,Microsoft.Web/serverfarms,ASP-GlobalAIES-88c2,false,Low,Monitoring and Alerting,Plan should have diagnostic settings enabled,,,asp-001
f2e4cd19-7c93-4a22-a9b3-df34a6e7c0af,Boss Labs,GlobalAI-ES,westeurope,Microsoft.Storage/storageAccounts,globalaies20224c6ab9,false,Low,Monitoring and Alerting,Storage should have diagnostic settings enabled,,https://learn.microsoft.com/en-us/azure/storage/blobs/monitor-blob-storage,st-001
f2e4cd19-7c93-4a22-a9b3-df34a6e7c0af,Boss Labs,GlobalAI-ES,westeurope,Microsoft.Storage/storageAccounts,globalaies20224c6ab9,false,Low,Disaster Recovery,Storage Account should have inmutable storage versioning enabled,,https://learn.microsoft.com/en-us/azure/well-architected/service-guides/storage-accounts/reliability,st-010
f2e4cd19-7c93-4a22-a9b3-df34a6e7c0af,Boss Labs,GlobalAI-ES,westeurope,Microsoft.Storage/storageAccounts,globalaies20224c6ab9,false,High,Security,Storage should have private endpoints enabled,,https://learn.microsoft.com/en-us/azure/storage/common/storage-private-endpoints,st-004
f2e4cd19-7c93-4a22-a9b3-df34a6e7c0af,Boss Labs,GlobalAI-ES,westeurope,Microsoft.Storage/storageAccounts,globalaies20224c6ab9,false,High,High Availability,Storage should have availability zones enabled,,https://learn.microsoft.com/EN-US/azure/reliability/migrate-storage,st-002
f2e4cd19-7c93-4a22-a9b3-df34a6e7c0af,Boss Labs,GlobalAI-ES,westeurope,Microsoft.Storage/storageAccounts,globalaies20224c6ab9,false,Low,Governance,Storage Name should comply with naming conventions,,https://learn.microsoft.com/en-us/azure/cloud-adoption-framework/ready/azure-best-practices/resource-abbreviations,st-006
f2e4cd19-7c93-4a22-a9b3-df34a6e7c0af,Boss Labs,GlobalAI-ES,global,Microsoft.Cdn/profiles,globalaies-291e1bfa2ba58dc55f2a-cdnprofile,false,Low,Governance,Azure FrontDoor Name should comply with naming conventions,,https://learn.microsoft.com/en-us/azure/cloud-adoption-framework/ready/azure-best-practices/resource-abbreviations,afd-006
f2e4cd19-7c93-4a22-a9b3-df34a6e7c0af,Boss Labs,GlobalAI-ES,global,Microsoft.Cdn/profiles,globalaies-291e1bfa2ba58dc55f2a-cdnprofile,false,Low,Monitoring and Alerting,Azure FrontDoor should have diagnostic settings enabled,,https://learn.microsoft.com/en-us/azure/frontdoor/standard-premium/how-to-logs,afd-001
f2e4cd19-7c93-4a22-a9b3-df34a6e7c0af,Boss Labs,GlobalAI-ES,westeurope,Microsoft.DBforMySQL/flexibleServers,globalaies-820e1353e2ce4ded888db0de72483955-dbserver,false,Low,Governance,Azure Database for MySQL - Flexible Server Name should comply with naming conventions,,https://learn.microsoft.com/en-us/azure/cloud-adoption-framework/ready/azure-best-practices/resource-abbreviations,mysqlf-006
f2e4cd19-7c93-4a22-a9b3-df34a6e7c0af,Boss Labs,GlobalAI-ES,westeurope,Microsoft.DBforMySQL/flexibleServers,globalaies-820e1353e2ce4ded888db0de72483955-dbserver,false,High,High Availability,Azure Database for MySQL - Flexible Server should have availability zones enabled,,https://learn.microsoft.com/en-us/azure/mysql/flexible-server/how-to-configure-high-availability-cli,mysqlf-002
f2e4cd19-7c93-4a22-a9b3-df34a6e7c0af,Boss Labs,GlobalAI-ES,westeurope,Microsoft.DBforMySQL/flexibleServers,globalaies-820e1353e2ce4ded888db0de72483955-dbserver,false,Low,Monitoring and Alerting,Azure Database for MySQL - Flexible Server should have diagnostic settings enabled,,https://learn.microsoft.com/en-us/azure/mysql/flexible-server/tutorial-query-performance-insights#set-up-diagnostics,mysqlf-001
f2e4cd19-7c93-4a22-a9b3-df34a6e7c0af,Boss Labs,GlobalAI-ES,westeurope,Microsoft.Network/virtualNetworks,globalaies-0f21c57227-vnet,false,Low,Governance,Virtual Network Name should comply with naming conventions,,https://learn.microsoft.com/en-us/azure/cloud-adoption-framework/ready/azure-best-practices/resource-abbreviations,vnet-006
f2e4cd19-7c93-4a22-a9b3-df34a6e7c0af,Boss Labs,GlobalAI-ES,westeurope,Microsoft.Network/virtualNetworks,globalaies-0f21c57227-vnet,false,Low,Monitoring and Alerting,Virtual Network should have diagnostic settings enabled,,https://learn.microsoft.com/en-us/azure/virtual-network/monitor-virtual-network#collection-and-routing,vnet-001
f2e4cd19-7c93-4a22-a9b3-df34a6e7c0af,Boss Labs,GlobalAI-ES,westeurope,Microsoft.Network/virtualNetworks,globalaies-0f21c57227-vnet,false,High,Security,Virtual Network: All Subnets should have a Network Security Group associated,,https://learn.microsoft.com/azure/virtual-network/concepts-and-best-practices,vnet-008
f2e4cd19-7c93-4a22-a9b3-df34a6e7c0af,Boss Labs,Security,westeurope,Microsoft.Logic/workflows,Defender-Logic-Alert,false,Low,Monitoring and Alerting,Logic App should have diagnostic settings enabled,,https://learn.microsoft.com/en-us/azure/logic-apps/monitor-workflows-collect-diagnostic-data,logic-001
f2e4cd19-7c93-4a22-a9b3-df34a6e7c0af,Boss Labs,Security,westeurope,Microsoft.Logic/workflows,Defender-Logic-Alert,false,Low,Governance,Logic App should have tags,,https://learn.microsoft.com/en-us/azure/azure-resource-manager/management/tag-resources?tabs=json,logic-007
f2e4cd19-7c93-4a22-a9b3-df34a6e7c0af,Boss Labs,Security,westeurope,Microsoft.Logic/workflows,Defender-Logic-Alert,false,Low,Governance,Logic App Name should comply with naming conventions,,https://learn.microsoft.com/en-us/azure/cloud-adoption-framework/ready/azure-best-practices/resource-abbreviations,logic-006
f2e4cd19-7c93-4a22-a9b3-df34a6e7c0af,Boss Labs,Security,northeurope,Microsoft.ContainerRegistry/registries,azurebrains,false,Low,Monitoring and Alerting,ContainerRegistry should have diagnostic settings enabled,,https://learn.microsoft.com/en-us/azure/container-registry/monitor-service,cr-001
f2e4cd19-7c93-4a22-a9b3-df34a6e7c0af,Boss Labs,Security,northeurope,Microsoft.ContainerRegistry/registries,azurebrains,false,Medium,Governance,ContainerRegistry should use retention policies,,https://learn.microsoft.com/en-us/azure/container-registry/container-registry-retention-policy,cr-010
f2e4cd19-7c93-4a22-a9b3-df34a6e7c0af,Boss Labs,Security,northeurope,Microsoft.ContainerRegistry/registries,azurebrains,false,Medium,Security,ContainerRegistry should have the Administrator account disabled,,https://learn.microsoft.com/azure/container-registry/container-registry-authentication-managed-identity,cr-008
f2e4cd19-7c93-4a22-a9b3-df34a6e7c0af,Boss Labs,Security,northeurope,Microsoft.ContainerRegistry/registries,azurebrains,false,Low,Governance,ContainerRegistry Name should comply with naming conventions,,https://learn.microsoft.com/en-us/azure/cloud-adoption-framework/ready/azure-best-practices/resource-abbreviations,cr-006
f2e4cd19-7c93-4a22-a9b3-df34a6e7c0af,Boss Labs,Security,northeurope,Microsoft.ContainerRegistry/registries,azurebrains,false,High,Security,ContainerRegistry should have private endpoints enabled,,https://learn.microsoft.com/en-us/azure/container-registry/container-registry-private-link,cr-004
f2e4cd19-7c93-4a22-a9b3-df34a6e7c0af,Boss Labs,Security,northeurope,Microsoft.ContainerRegistry/registries,azurebrains,false,High,High Availability,ContainerRegistry should have availability zones enabled,,https://learn.microsoft.com/en-us/azure/container-registry/zone-redundancy,cr-002
f2e4cd19-7c93-4a22-a9b3-df34a6e7c0af,Boss Labs,cloud-shell-storage-westus,westus,Microsoft.Storage/storageAccounts,cs48d2c636f918dx4ef6x845,true,High,Security,Storage Account should use HTTPS only,,https://learn.microsoft.com/en-us/azure/storage/common/storage-require-secure-transfer,st-007
f2e4cd19-7c93-4a22-a9b3-df34a6e7c0af,Boss Labs,cloud-shell-storage-westus,westus,Microsoft.Storage/storageAccounts,cs48d2c636f918dx4ef6x845,true,Low,Governance,Storage Account should have tags,,https://learn.microsoft.com/en-us/azure/azure-resource-manager/management/tag-resources?tabs=json,st-008
f2e4cd19-7c93-4a22-a9b3-df34a6e7c0af,Boss Labs,cloud-shell-storage-westus,westus,Microsoft.Storage/storageAccounts,cs48d2c636f918dx4ef6x845,true,High,High Availability,Storage should have a SLA,99.9%,https://www.azure.cn/en-us/support/sla/storage/,st-003
f2e4cd19-7c93-4a22-a9b3-df34a6e7c0af,Boss Labs,cloud-shell-storage-westus,westus,Microsoft.Storage/storageAccounts,cs48d2c636f918dx4ef6x845,true,High,High Availability,Storage SKU,Standard_LRS,https://learn.microsoft.com/en-us/rest/api/storagerp/srp_sku_types,st-005
f2e4cd19-7c93-4a22-a9b3-df34a6e7c0af,Boss Labs,GlobalAI-Spain,northeurope,Microsoft.Sql/servers/databases,globalai-db,true,Low,Monitoring and Alerting,SQL Database should have diagnostic settings enabled,,,sqldb-001
f2e4cd19-7c93-4a22-a9b3-df34a6e7c0af,Boss Labs,GlobalAI-Spain,northeurope,Microsoft.Sql/servers/databases,globalai-db,true,High,High Availability,SQL Database SKU,Standard,https://docs.microsoft.com/en-us/azure/azure-sql/database/service-tiers-vcore?tabs=azure-portal,sqldb-005
f2e4cd19-7c93-4a22-a9b3-df34a6e7c0af,Boss Labs,GlobalAI-Spain,northeurope,Microsoft.Sql/servers/databases,globalai-db,true,High,High Availability,SQL Database should have a SLA,99.99%,,sqldb-003
f2e4cd19-7c93-4a22-a9b3-df34a6e7c0af,Boss Labs,GlobalAI-Spain,northeurope,Microsoft.Sql/servers,globalai-sqlserver,true,Low,Governance,SQL should have tags,,https://learn.microsoft.com/en-us/azure/azure-resource-manager/management/tag-resources?tabs=json,sql-007
f2e4cd19-7c93-4a22-a9b3-df34a6e7c0af,Boss Labs,GlobalAI-Spain,northeurope,Microsoft.Web/serverfarms/sites,globalai,true,High,Security,App Service should use TLS 1.2,,https://learn.microsoft.com/en-us/azure/app-service/overview-tls,app-011
f2e4cd19-7c93-4a22-a9b3-df34a6e7c0af,Boss Labs,GlobalAI-Spain,northeurope,Microsoft.Web/serverfarms/sites,globalai,true,High,Security,App Service remote debugging should be disabled,,https://learn.microsoft.com/en-us/visualstudio/debugger/remote-debugging-azure-app-service?view=vs-2022#enable-remote-debugging,app-012
f2e4cd19-7c93-4a22-a9b3-df34a6e7c0af,Boss Labs,GlobalAI-Spain,northeurope,Microsoft.Web/serverfarms/sites,globalai,true,High,Security,App Service should use HTTPS only,,https://learn.microsoft.com/azure/app-service/configure-ssl-bindings#enforce-https,app-007
f2e4cd19-7c93-4a22-a9b3-df34a6e7c0af,Boss Labs,GlobalAI-Spain,northeurope,Microsoft.Web/serverfarms,globalai-serverfarm,true,Low,Governance,Plan should have tags,,https://learn.microsoft.com/en-us/azure/azure-resource-manager/management/tag-resources?tabs=json,asp-007
f2e4cd19-7c93-4a22-a9b3-df34a6e7c0af,Boss Labs,GlobalAI-Spain,northeurope,Microsoft.Web/serverfarms,globalai-serverfarm,true,High,High Availability,Plan SKU,S1,https://learn.microsoft.com/en-us/azure/app-service/overview-hosting-plans,asp-005
f2e4cd19-7c93-4a22-a9b3-df34a6e7c0af,Boss Labs,GlobalAI-Spain,northeurope,Microsoft.Web/serverfarms,globalai-serverfarm,true,High,High Availability,Plan should have a SLA,99.95%,https://www.azure.cn/en-us/support/sla/app-service/,asp-003
f2e4cd19-7c93-4a22-a9b3-df34a6e7c0af,Boss Labs,GlobalAI-Spain,northeurope,Microsoft.KeyVault/vaults,globalai-kv,true,High,High Availability,Key Vault SKU,Standard,https://azure.microsoft.com/en-us/pricing/details/key-vault/,kv-005
f2e4cd19-7c93-4a22-a9b3-df34a6e7c0af,Boss Labs,GlobalAI-Spain,northeurope,Microsoft.KeyVault/vaults,globalai-kv,true,High,High Availability,Key Vault should have a SLA,99.99%,https://www.azure.cn/en-us/support/sla/key-vault/,kv-003
f2e4cd19-7c93-4a22-a9b3-df34a6e7c0af,Boss Labs,GlobalAI-Spain,westus,Microsoft.Cdn/profiles,globalai,true,High,High Availability,Azure FrontDoor SKU,Standard_AzureFrontDoor,https://learn.microsoft.com/en-us/azure/frontdoor/standard-premium/tier-comparison,afd-005
f2e4cd19-7c93-4a22-a9b3-df34a6e7c0af,Boss Labs,GlobalAI-Spain,westus,Microsoft.Cdn/profiles,globalai,true,High,High Availability,Azure FrontDoor SLA,99.99%,https://www.azure.cn/en-us/support/sla/cdn/,afd-003
f2e4cd19-7c93-4a22-a9b3-df34a6e7c0af,Boss Labs,GlobalAI-Spain,northeurope,Microsoft.Storage/storageAccounts,globalai,true,High,High Availability,Storage SKU,Standard_LRS,https://learn.microsoft.com/en-us/rest/api/storagerp/srp_sku_types,st-005
f2e4cd19-7c93-4a22-a9b3-df34a6e7c0af,Boss Labs,GlobalAI-Spain,northeurope,Microsoft.Storage/storageAccounts,globalai,true,High,Security,Storage Account should use HTTPS only,,https://learn.microsoft.com/en-us/azure/storage/common/storage-require-secure-transfer,st-007
f2e4cd19-7c93-4a22-a9b3-df34a6e7c0af,Boss Labs,GlobalAI-Spain,northeurope,Microsoft.Storage/storageAccounts,globalai,true,High,High Availability,Storage should have a SLA,99.9%,https://www.azure.cn/en-us/support/sla/storage/,st-003
f2e4cd19-7c93-4a22-a9b3-df34a6e7c0af,Boss Labs,GlobalAI-Spain,northeurope,microsoft.insights/components,globalai,true,Low,Governance,Azure Application Insights should have tags,,https://learn.microsoft.com/en-us/azure/azure-resource-manager/management/tag-resources?tabs=json,appi-003
f2e4cd19-7c93-4a22-a9b3-df34a6e7c0af,Boss Labs,GlobalAI-Spain,northeurope,microsoft.insights/components,globalai,true,High,High Availability,Azure Application Insights SLA,99.9%,https://www.azure.cn/en-us/support/sla/application-insights/index.html,appi-001
f2e4cd19-7c93-4a22-a9b3-df34a6e7c0af,Boss Labs,GlobalAI-Spain,northeurope,Microsoft.Network/virtualNetworks,globalai-vnet,true,High,High Availability,Virtual Network should have at least two DNS servers assigned,,https://learn.microsoft.com/en-us/azure/virtual-network/virtual-networks-name-resolution-for-vms-and-role-instances?tabs=redhat#specify-dns-servers,vnet-009
f2e4cd19-7c93-4a22-a9b3-df34a6e7c0af,Boss Labs,GlobalAI-Spain,northeurope,Microsoft.Network/virtualNetworks,globalai-vnet,true,Low,Governance,Virtual Network should have tags,,https://learn.microsoft.com/en-us/azure/azure-resource-manager/management/tag-resources?tabs=json,vnet-007
f2e4cd19-7c93-4a22-a9b3-df34a6e7c0af,Boss Labs,GlobalAI-Spain,northeurope,Microsoft.Network/virtualNetworks,globalai-vnet,true,High,High Availability,Virtual Network should have availability zones enabled,,https://learn.microsoft.com/en-us/azure/virtual-network/virtual-networks-overview#virtual-networks-and-availability-zones,vnet-002
f2e4cd19-7c93-4a22-a9b3-df34a6e7c0af,Boss Labs,Azurebrains,westeurope,Microsoft.Web/serverfarms/sites,azurebrains,true,Medium,High Availability,App Service should avoid using Client Affinity,,https://learn.microsoft.com/en-us/azure/well-architected/service-guides/azure-app-service/reliability#checklist,app-015
f2e4cd19-7c93-4a22-a9b3-df34a6e7c0af,Boss Labs,Azurebrains,westeurope,Microsoft.Web/serverfarms/sites,azurebrains,true,High,Security,App Service should not allow insecure FTP,,https://learn.microsoft.com/en-us/azure/app-service/deploy-ftp?tabs=portal,app-013
f2e4cd19-7c93-4a22-a9b3-df34a6e7c0af,Boss Labs,Azurebrains,westeurope,Microsoft.Web/serverfarms/sites,azurebrains,true,High,Security,App Service should use HTTPS only,,https://learn.microsoft.com/azure/app-service/configure-ssl-bindings#enforce-https,app-007
f2e4cd19-7c93-4a22-a9b3-df34a6e7c0af,Boss Labs,Azurebrains,westeurope,Microsoft.Web/serverfarms/sites,azurebrains,true,High,Security,App Service should use TLS 1.2,,https://learn.microsoft.com/en-us/azure/app-service/overview-tls,app-011
f2e4cd19-7c93-4a22-a9b3-df34a6e7c0af,Boss Labs,Azurebrains,westeurope,Microsoft.Web/serverfarms/sites,azurebrains,true,High,Security,App Service remote debugging should be disabled,,https://learn.microsoft.com/en-us/visualstudio/debugger/remote-debugging-azure-app-service?view=vs-2022#enable-remote-debugging,app-012
f2e4cd19-7c93-4a22-a9b3-df34a6e7c0af,Boss Labs,Azurebrains,westeurope,Microsoft.Web/serverfarms,AzureBrainsPlan,true,High,High Availability,Plan SKU,P0v3,https://learn.microsoft.com/en-us/azure/app-service/overview-hosting-plans,asp-005
f2e4cd19-7c93-4a22-a9b3-df34a6e7c0af,Boss Labs,Azurebrains,westeurope,Microsoft.Web/serverfarms,AzureBrainsPlan,true,High,High Availability,Plan should have a SLA,99.95%,https://www.azure.cn/en-us/support/sla/app-service/,asp-003
f2e4cd19-7c93-4a22-a9b3-df34a6e7c0af,Boss Labs,Azurebrains,northeurope,Microsoft.Web/serverfarms/sites,azurebrainsbot,true,High,Security,App Service remote debugging should be disabled,,https://learn.microsoft.com/en-us/visualstudio/debugger/remote-debugging-azure-app-service?view=vs-2022#enable-remote-debugging,app-012
f2e4cd19-7c93-4a22-a9b3-df34a6e7c0af,Boss Labs,Azurebrains,northeurope,Microsoft.Web/serverfarms/sites,azurebrainsbot,true,Medium,Security,App Service should use Managed Identities,,https://learn.microsoft.com/en-us/azure/app-service/overview-managed-identity?tabs=portal%2Chttp,app-016
f2e4cd19-7c93-4a22-a9b3-df34a6e7c0af,Boss Labs,Azurebrains,northeurope,Microsoft.Web/serverfarms/sites,azurebrainsbot,true,High,Security,App Service should not allow insecure FTP,,https://learn.microsoft.com/en-us/azure/app-service/deploy-ftp?tabs=portal,app-013
f2e4cd19-7c93-4a22-a9b3-df34a6e7c0af,Boss Labs,Azurebrains,northeurope,Microsoft.Web/serverfarms/sites,azurebrainsbot,true,Low,Monitoring and Alerting,App Service should have diagnostic settings enabled,,https://learn.microsoft.com/en-us/azure/app-service/troubleshoot-diagnostic-logs#send-logs-to-azure-monitor,app-001
f2e4cd19-7c93-4a22-a9b3-df34a6e7c0af,Boss Labs,Azurebrains,northeurope,Microsoft.Web/serverfarms/sites,azurebrainsbot,true,Low,Governance,App Service should have tags,,https://learn.microsoft.com/en-us/azure/azure-resource-manager/management/tag-resources?tabs=json,app-008
f2e4cd19-7c93-4a22-a9b3-df34a6e7c0af,Boss Labs,Azurebrains,northeurope,Microsoft.Web/serverfarms/sites,azurebrainsbot,true,High,Security,App Service should use TLS 1.2,,https://learn.microsoft.com/en-us/azure/app-service/overview-tls,app-011
f2e4cd19-7c93-4a22-a9b3-df34a6e7c0af,Boss Labs,Azurebrains,northeurope,Microsoft.Web/serverfarms,azurebrainsbotplan,true,High,High Availability,Plan SKU,F1,https://learn.microsoft.com/en-us/azure/app-service/overview-hosting-plans,asp-005
f2e4cd19-7c93-4a22-a9b3-df34a6e7c0af,Boss Labs,Azurebrains,westeurope,Microsoft.KeyVault/vaults,kv-azurebrains,true,High,High Availability,Key Vault should have a SLA,99.99%,https://www.azure.cn/en-us/support/sla/key-vault/,kv-003
f2e4cd19-7c93-4a22-a9b3-df34a6e7c0af,Boss Labs,Azurebrains,westeurope,Microsoft.KeyVault/vaults,kv-azurebrains,true,Medium,Disaster Recovery,Key Vault should have soft delete enabled,,https://learn.microsoft.com/en-us/azure/key-vault/general/soft-delete-overview,kv-008
f2e4cd19-7c93-4a22-a9b3-df34a6e7c0af,Boss Labs,Azurebrains,westeurope,Microsoft.KeyVault/vaults,kv-azurebrains,true,Low,Governance,Key Vault Name should comply with naming conventions,,https://learn.microsoft.com/en-us/azure/cloud-adoption-framework/ready/azure-best-practices/resource-abbreviations,kv-006
f2e4cd19-7c93-4a22-a9b3-df34a6e7c0af,Boss Labs,Azurebrains,westeurope,Microsoft.KeyVault/vaults,kv-azurebrains,true,High,High Availability,Key Vault SKU,Standard,https://azure.microsoft.com/en-us/pricing/details/key-vault/,kv-005
f2e4cd19-7c93-4a22-a9b3-df34a6e7c0af,Boss Labs,Azurebrains,northeurope,Microsoft.Storage/storageAccounts,storagedeveloperdays,true,High,High Availability,Storage SKU,Standard_LRS,https://learn.microsoft.com/en-us/rest/api/storagerp/srp_sku_types,st-005
f2e4cd19-7c93-4a22-a9b3-df34a6e7c0af,Boss Labs,Azurebrains,northeurope,Microsoft.Storage/storageAccounts,storagedeveloperdays,true,Low,Governance,Storage Name should comply with naming conventions,,https://learn.microsoft.com/en-us/azure/cloud-adoption-framework/ready/azure-best-practices/resource-abbreviations,st-006
f2e4cd19-7c93-4a22-a9b3-df34a6e7c0af,Boss Labs,Azurebrains,northeurope,Microsoft.Storage/storageAccounts,storagedeveloperdays,true,High,Security,Storage Account should use HTTPS only,,https://learn.microsoft.com/en-us/azure/storage/common/storage-require-secure-transfer,st-007
f2e4cd19-7c93-4a22-a9b3-df34a6e7c0af,Boss Labs,Azurebrains,northeurope,Microsoft.Storage/storageAccounts,storagedeveloperdays,true,High,High Availability,Storage should have a SLA,99.9%,https://www.azure.cn/en-us/support/sla/storage/,st-003
f2e4cd19-7c93-4a22-a9b3-df34a6e7c0af,Boss Labs,Azurebrains,northeurope,Microsoft.Storage/storageAccounts,storagedeveloperdays,true,Medium,Disaster Recovery,Storage Account should have soft delete enabled,,https://learn.microsoft.com/en-us/azure/well-architected/service-guides/storage-accounts/reliability,st-011
f2e4cd19-7c93-4a22-a9b3-df34a6e7c0af,Boss Labs,Azurebrains,northeurope,Microsoft.Storage/storageAccounts,storagedeveloperdays,true,Low,Security,Storage Account should enforce TLS >= 1.2,,https://learn.microsoft.com/en-us/azure/storage/common/transport-layer-security-configure-minimum-version?tabs=portal,st-009
f2e4cd19-7c93-4a22-a9b3-df34a6e7c0af,Boss Labs,Azurebrains,northeurope,Microsoft.Storage/storageAccounts,pruebrates,true,High,High Availability,Storage should have a SLA,99%,https://www.azure.cn/en-us/support/sla/storage/,st-003
f2e4cd19-7c93-4a22-a9b3-df34a6e7c0af,Boss Labs,Azurebrains,northeurope,Microsoft.Storage/storageAccounts,pruebrates,true,High,High Availability,Storage SKU,Standard_LRS,https://learn.microsoft.com/en-us/rest/api/storagerp/srp_sku_types,st-005
f2e4cd19-7c93-4a22-a9b3-df34a6e7c0af,Boss Labs,Azurebrains,northeurope,Microsoft.Storage/storageAccounts,pruebrates,true,Medium,Disaster Recovery,Storage Account should have soft delete enabled,,https://learn.microsoft.com/en-us/azure/well-architected/service-guides/storage-accounts/reliability,st-011
f2e4cd19-7c93-4a22-a9b3-df34a6e7c0af,Boss Labs,Azurebrains,northeurope,Microsoft.Storage/storageAccounts,pruebrates,true,Low,Security,Storage Account should enforce TLS >= 1.2,,https://learn.microsoft.com/en-us/azure/storage/common/transport-layer-security-configure-minimum-version?tabs=portal,st-009
f2e4cd19-7c93-4a22-a9b3-df34a6e7c0af,Boss Labs,Azurebrains,northeurope,Microsoft.Storage/storageAccounts,pruebrates,true,High,Security,Storage Account should use HTTPS only,,https://learn.microsoft.com/en-us/azure/storage/common/storage-require-secure-transfer,st-007
f2e4cd19-7c93-4a22-a9b3-df34a6e7c0af,Boss Labs,Azurebrains,northeurope,Microsoft.Storage/storageAccounts,azurebrains,true,Low,Governance,Storage Account should have tags,,https://learn.microsoft.com/en-us/azure/azure-resource-manager/management/tag-resources?tabs=json,st-008
f2e4cd19-7c93-4a22-a9b3-df34a6e7c0af,Boss Labs,Azurebrains,northeurope,Microsoft.Storage/storageAccounts,azurebrains,true,High,High Availability,Storage SKU,Standard_LRS,https://learn.microsoft.com/en-us/rest/api/storagerp/srp_sku_types,st-005
f2e4cd19-7c93-4a22-a9b3-df34a6e7c0af,Boss Labs,Azurebrains,northeurope,Microsoft.Storage/storageAccounts,azurebrains,true,High,High Availability,Storage should have a SLA,99%,https://www.azure.cn/en-us/support/sla/storage/,st-003
f2e4cd19-7c93-4a22-a9b3-df34a6e7c0af,Boss Labs,Azurebrains,westeurope,Microsoft.DBforMySQL/flexibleServers,azurebrains-mysqldbserver,true,High,High Availability,Azure Database for MySQL - Flexible Server SKU,Standard_B1ms,https://learn.microsoft.com/en-us/azure/mysql/flexible-server/concepts-service-tiers-storage,mysqlf-005
f2e4cd19-7c93-4a22-a9b3-df34a6e7c0af,Boss Labs,Azurebrains,westeurope,Microsoft.DBforMySQL/flexibleServers,azurebrains-mysqldbserver,true,High,High Availability,Azure Database for MySQL - Flexible Server should have a SLA,99.9%,hhttps://www.microsoft.com/licensing/docs/view/Service-Level-Agreements-SLA-for-Online-Services?lang=1,mysqlf-003
f2e4cd19-7c93-4a22-a9b3-df34a6e7c0af,Boss Labs,Azurebrains,northeurope,microsoft.insights/components,AzurebrainsBot,true,High,High Availability,Azure Application Insights SLA,99.9%,https://www.azure.cn/en-us/support/sla/application-insights/index.html,appi-001
f2e4cd19-7c93-4a22-a9b3-df34a6e7c0af,Boss Labs,Azurebrains,northeurope,microsoft.insights/components,azurebrains,true,High,High Availability,Azure Application Insights SLA,99.9%,https://www.azure.cn/en-us/support/sla/application-insights/index.html,appi-001
f2e4cd19-7c93-4a22-a9b3-df34a6e7c0af,Boss Labs,ratflowapp-rg,eastus2,Microsoft.Web/serverfarms/sites,ratflowassistant,true,Medium,High Availability,App Service should avoid using Client Affinity,,https://learn.microsoft.com/en-us/azure/well-architected/service-guides/azure-app-service/reliability#checklist,app-015
f2e4cd19-7c93-4a22-a9b3-df34a6e7c0af,Boss Labs,ratflowapp-rg,eastus2,Microsoft.Web/serverfarms/sites,ratflowassistant,true,High,Security,App Service should use TLS 1.2,,https://learn.microsoft.com/en-us/azure/app-service/overview-tls,app-011
f2e4cd19-7c93-4a22-a9b3-df34a6e7c0af,Boss Labs,ratflowapp-rg,eastus2,Microsoft.Web/serverfarms/sites,ratflowassistant,true,High,Security,App Service should use HTTPS only,,https://learn.microsoft.com/azure/app-service/configure-ssl-bindings#enforce-https,app-007
f2e4cd19-7c93-4a22-a9b3-df34a6e7c0af,Boss Labs,ratflowapp-rg,eastus2,Microsoft.Web/serverfarms/sites,ratflowassistant,true,High,Security,App Service remote debugging should be disabled,,https://learn.microsoft.com/en-us/visualstudio/debugger/remote-debugging-azure-app-service?view=vs-2022#enable-remote-debugging,app-012
f2e4cd19-7c93-4a22-a9b3-df34a6e7c0af,Boss Labs,ratflowapp-rg,eastus2,Microsoft.Web/serverfarms/sites,ratflowassistant,true,Medium,Security,App Service should use Managed Identities,,https://learn.microsoft.com/en-us/azure/app-service/overview-managed-identity?tabs=portal%2Chttp,app-016
f2e4cd19-7c93-4a22-a9b3-df34a6e7c0af,Boss Labs,ratflowapp-rg,eastus2,Microsoft.Web/serverfarms/sites,ratflowassistant,true,High,Scalability,App Service should have Always On enabled,,https://learn.microsoft.com/en-us/azure/app-service/configure-common?tabs=portal,app-014
f2e4cd19-7c93-4a22-a9b3-df34a6e7c0af,Boss Labs,ratflowapp-rg,eastus2,Microsoft.Web/serverfarms/sites,ratflowassistant,true,High,Security,App Service should not allow insecure FTP,,https://learn.microsoft.com/en-us/azure/app-service/deploy-ftp?tabs=portal,app-013
f2e4cd19-7c93-4a22-a9b3-df34a6e7c0af,Boss Labs,ratflowapp-rg,eastus2,Microsoft.Web/serverfarms/sites,ratflow,true,High,Security,App Service should use TLS 1.2,,https://learn.microsoft.com/en-us/azure/app-service/overview-tls,app-011
f2e4cd19-7c93-4a22-a9b3-df34a6e7c0af,Boss Labs,ratflowapp-rg,eastus2,Microsoft.Web/serverfarms/sites,ratflow,true,High,Security,App Service should use HTTPS only,,https://learn.microsoft.com/azure/app-service/configure-ssl-bindings#enforce-https,app-007
f2e4cd19-7c93-4a22-a9b3-df34a6e7c0af,Boss Labs,ratflowapp-rg,eastus2,Microsoft.Web/serverfarms/sites,ratflow,true,High,Security,App Service should not allow insecure FTP,,https://learn.microsoft.com/en-us/azure/app-service/deploy-ftp?tabs=portal,app-013
f2e4cd19-7c93-4a22-a9b3-df34a6e7c0af,Boss Labs,ratflowapp-rg,eastus2,Microsoft.Web/serverfarms/sites,ratflow,true,High,Scalability,App Service should have Always On enabled,,https://learn.microsoft.com/en-us/azure/app-service/configure-common?tabs=portal,app-014
f2e4cd19-7c93-4a22-a9b3-df34a6e7c0af,Boss Labs,ratflowapp-rg,eastus2,Microsoft.Web/serverfarms/sites,ratflow,true,High,Security,App Service remote debugging should be disabled,,https://learn.microsoft.com/en-us/visualstudio/debugger/remote-debugging-azure-app-service?view=vs-2022#enable-remote-debugging,app-012
f2e4cd19-7c93-4a22-a9b3-df34a6e7c0af,Boss Labs,ratflowapp-rg,eastus2,Microsoft.Web/serverfarms/sites,ratflow,true,Medium,High Availability,App Service should avoid using Client Affinity,,https://learn.microsoft.com/en-us/azure/well-architected/service-guides/azure-app-service/reliability#checklist,app-015
f2e4cd19-7c93-4a22-a9b3-df34a6e7c0af,Boss Labs,ratflowapp-rg,eastus2,Microsoft.Web/serverfarms/sites,ratflow,true,Medium,Security,App Service should use Managed Identities,,https://learn.microsoft.com/en-us/azure/app-service/overview-managed-identity?tabs=portal%2Chttp,app-016
f2e4cd19-7c93-4a22-a9b3-df34a6e7c0af,Boss Labs,ratflowapp-rg,eastus2,Microsoft.Web/serverfarms,ASP-ratflowapprg-bab4,true,High,High Availability,Plan SKU,P1mv3,https://learn.microsoft.com/en-us/azure/app-service/overview-hosting-plans,asp-005
f2e4cd19-7c93-4a22-a9b3-df34a6e7c0af,Boss Labs,ratflowapp-rg,eastus2,Microsoft.Web/serverfarms,ASP-ratflowapprg-bab4,true,High,High Availability,Plan should have a SLA,99.95%,https://www.azure.cn/en-us/support/sla/app-service/,asp-003
f2e4cd19-7c93-4a22-a9b3-df34a6e7c0af,Boss Labs,ratflow-rg,eastus2,Microsoft.KeyVault/vaults,kv-pfrat01,true,Low,Governance,Key Vault Name should comply with naming conventions,,https://learn.microsoft.com/en-us/azure/cloud-adoption-framework/ready/azure-best-practices/resource-abbreviations,kv-006
f2e4cd19-7c93-4a22-a9b3-df34a6e7c0af,Boss Labs,ratflow-rg,eastus2,Microsoft.KeyVault/vaults,kv-pfrat01,true,High,High Availability,Key Vault SKU,standard,https://azure.microsoft.com/en-us/pricing/details/key-vault/,kv-005
f2e4cd19-7c93-4a22-a9b3-df34a6e7c0af,Boss Labs,ratflow-rg,eastus2,Microsoft.KeyVault/vaults,kv-pfrat01,true,High,High Availability,Key Vault should have a SLA,99.99%,https://www.azure.cn/en-us/support/sla/key-vault/,kv-003
f2e4cd19-7c93-4a22-a9b3-df34a6e7c0af,Boss Labs,ratflow-rg,eastus2,Microsoft.KeyVault/vaults,kv-pfrat01,true,Low,Monitoring and Alerting,Key Vault should have diagnostic settings enabled,,https://learn.microsoft.com/en-us/azure/key-vault/general/monitor-key-vault,kv-001
f2e4cd19-7c93-4a22-a9b3-df34a6e7c0af,Boss Labs,ratflow-rg,eastus2,Microsoft.KeyVault/vaults,kv-pfrat01,true,Medium,Disaster Recovery,Key Vault should have soft delete enabled,,https://learn.microsoft.com/en-us/azure/key-vault/general/soft-delete-overview,kv-008
f2e4cd19-7c93-4a22-a9b3-df34a6e7c0af,Boss Labs,ratflow-rg,eastus2,Microsoft.CognitiveServices/accounts,oai-pfrat01,true,High,High Availability,Cognitive Service Account SKU,S0,https://learn.microsoft.com/en-us/azure/templates/microsoft.cognitiveservices/accounts?pivots=deployment-language-bicep#sku,cog-005
f2e4cd19-7c93-4a22-a9b3-df34a6e7c0af,Boss Labs,ratflow-rg,eastus2,Microsoft.CognitiveServices/accounts,oai-pfrat01,true,High,High Availability,Cognitive Service Account should have a SLA,99.9%,https://www.microsoft.com/licensing/docs/view/Service-Level-Agreements-SLA-for-Online-Services?lang=1,cog-003
f2e4cd19-7c93-4a22-a9b3-df34a6e7c0af,Boss Labs,ratflow-rg,eastus2,Microsoft.Storage/storageAccounts,stpfrat01,true,High,Security,Storage Account should use HTTPS only,,https://learn.microsoft.com/en-us/azure/storage/common/storage-require-secure-transfer,st-007
f2e4cd19-7c93-4a22-a9b3-df34a6e7c0af,Boss Labs,ratflow-rg,eastus2,Microsoft.Storage/storageAccounts,stpfrat01,true,Low,Governance,Storage Name should comply with naming conventions,,https://learn.microsoft.com/en-us/azure/cloud-adoption-framework/ready/azure-best-practices/resource-abbreviations,st-006
f2e4cd19-7c93-4a22-a9b3-df34a6e7c0af,Boss Labs,ratflow-rg,eastus2,Microsoft.Storage/storageAccounts,stpfrat01,true,High,High Availability,Storage should have a SLA,99.9%,https://www.azure.cn/en-us/support/sla/storage/,st-003
f2e4cd19-7c93-4a22-a9b3-df34a6e7c0af,Boss Labs,ratflow-rg,eastus2,Microsoft.Storage/storageAccounts,stpfrat01,true,Low,Security,Storage Account should enforce TLS >= 1.2,,https://learn.microsoft.com/en-us/azure/storage/common/transport-layer-security-configure-minimum-version?tabs=portal,st-009
f2e4cd19-7c93-4a22-a9b3-df34a6e7c0af,Boss Labs,ratflow-rg,eastus2,Microsoft.Storage/storageAccounts,stpfrat01,true,High,High Availability,Storage SKU,Standard_LRS,https://learn.microsoft.com/en-us/rest/api/storagerp/srp_sku_types,st-005
f2e4cd19-7c93-4a22-a9b3-df34a6e7c0af,Boss Labs,ratflow-rg,eastus2,Microsoft.DocumentDB/databaseAccounts,cosmos-pfrat01,true,Low,Governance,CosmosDB Name should comply with naming conventions,,https://learn.microsoft.com/en-us/azure/cloud-adoption-framework/ready/azure-best-practices/resource-abbreviations,cosmos-006
f2e4cd19-7c93-4a22-a9b3-df34a6e7c0af,Boss Labs,ratflow-rg,eastus2,Microsoft.DocumentDB/databaseAccounts,cosmos-pfrat01,true,High,High Availability,CosmosDB SKU,Standard,https://azure.microsoft.com/en-us/pricing/details/cosmos-db/autoscale-provisioned/,cosmos-005
f2e4cd19-7c93-4a22-a9b3-df34a6e7c0af,Boss Labs,ratflow-rg,eastus2,Microsoft.DocumentDB/databaseAccounts,cosmos-pfrat01,true,Low,Governance,CosmosDB should have tags,,https://learn.microsoft.com/en-us/azure/azure-resource-manager/management/tag-resources?tabs=json,cosmos-007
f2e4cd19-7c93-4a22-a9b3-df34a6e7c0af,Boss Labs,ratflow-rg,eastus2,Microsoft.DocumentDB/databaseAccounts,cosmos-pfrat01,true,High,High Availability,CosmosDB should have a SLA,99.99%,https://learn.microsoft.com/en-us/azure/cosmos-db/high-availability#slas,cosmos-003
f2e4cd19-7c93-4a22-a9b3-df34a6e7c0af,Boss Labs,ratflow-rg,eastus2,microsoft.insights/components,appi-pfrat01,true,Low,Scalability,Azure Application Insights should store data in a Log Analytics Workspace,,https://learn.microsoft.com/en-us/azure/azure-monitor/app/create-workspace-resource,appi-004
f2e4cd19-7c93-4a22-a9b3-df34a6e7c0af,Boss Labs,ratflow-rg,eastus2,microsoft.insights/components,appi-pfrat01,true,Low,Governance,Azure Application Insights Name should comply with naming conventions,,https://learn.microsoft.com/en-us/azure/cloud-adoption-framework/ready/azure-best-practices/resource-abbreviations,appi-002
f2e4cd19-7c93-4a22-a9b3-df34a6e7c0af,Boss Labs,ratflow-rg,eastus2,microsoft.insights/components,appi-pfrat01,true,High,High Availability,Azure Application Insights SLA,99.9%,https://www.azure.cn/en-us/support/sla/application-insights/index.html,appi-001
f2e4cd19-7c93-4a22-a9b3-df34a6e7c0af,Boss Labs,ratflow-rg,eastus2,Microsoft.ContainerRegistry/registries,acrpfrat01,true,Medium,Security,ContainerRegistry should have anonymous pull access disabled,,https://learn.microsoft.com/azure/container-registry/anonymous-pull-access#configure-anonymous-pull-access,cr-007
f2e4cd19-7c93-4a22-a9b3-df34a6e7c0af,Boss Labs,ratflow-rg,eastus2,Microsoft.ContainerRegistry/registries,acrpfrat01,true,Medium,Security,ContainerRegistry should have the Administrator account disabled,,https://learn.microsoft.com/azure/container-registry/container-registry-authentication-managed-identity,cr-008
f2e4cd19-7c93-4a22-a9b3-df34a6e7c0af,Boss Labs,ratflow-rg,eastus2,Microsoft.ContainerRegistry/registries,acrpfrat01,true,High,High Availability,ContainerRegistry should have a SLA,99.95%,https://www.azure.cn/en-us/support/sla/container-registry/,cr-003
f2e4cd19-7c93-4a22-a9b3-df34a6e7c0af,Boss Labs,ratflow-rg,eastus2,Microsoft.ContainerRegistry/registries,acrpfrat01,true,High,High Availability,ContainerRegistry SKU,Standard,https://learn.microsoft.com/en-us/azure/container-registry/container-registry-skus,cr-005
f2e4cd19-7c93-4a22-a9b3-df34a6e7c0af,Boss Labs,ratflow-rg,westeurope,Microsoft.Logic/workflows,ReadEmailToPromptFlow,true,High,Security,Logic App should limit access to Http Triggers,,https://learn.microsoft.com/en-us/azure/logic-apps/logic-apps-securing-a-logic-app?tabs=azure-portal#restrict-access-by-ip-address-range,logic-004
f2e4cd19-7c93-4a22-a9b3-df34a6e7c0af,Boss Labs,ratflow-rg,westeurope,Microsoft.Logic/workflows,ReadEmailToPromptFlow,true,High,High Availability,Logic App should have a SLA,99.9%,https://www.microsoft.com/licensing/docs/view/Service-Level-Agreements-SLA-for-Online-Services?lang=1,logic-003
f2e4cd19-7c93-4a22-a9b3-df34a6e7c0af,Boss Labs,GlobalAI-ES,westeurope,Microsoft.Web/serverfarms/sites,globalai-es,true,High,Security,App Service should use TLS 1.2,,https://learn.microsoft.com/en-us/azure/app-service/overview-tls,app-011
f2e4cd19-7c93-4a22-a9b3-df34a6e7c0af,Boss Labs,GlobalAI-ES,westeurope,Microsoft.Web/serverfarms/sites,globalai-es,true,High,Security,App Service should not allow insecure FTP,,https://learn.microsoft.com/en-us/azure/app-service/deploy-ftp?tabs=portal,app-013
f2e4cd19-7c93-4a22-a9b3-df34a6e7c0af,Boss Labs,GlobalAI-ES,westeurope,Microsoft.Web/serverfarms/sites,globalai-es,true,Medium,Security,App Service should use VNET integration,,https://learn.microsoft.com/en-us/azure/app-service/overview-vnet-integration,app-009
f2e4cd19-7c93-4a22-a9b3-df34a6e7c0af,Boss Labs,GlobalAI-ES,westeurope,Microsoft.Web/serverfarms/sites,globalai-es,true,Medium,High Availability,App Service should avoid using Client Affinity,,https://learn.microsoft.com/en-us/azure/well-architected/service-guides/azure-app-service/reliability#checklist,app-015
f2e4cd19-7c93-4a22-a9b3-df34a6e7c0af,Boss Labs,GlobalAI-ES,westeurope,Microsoft.Web/serverfarms/sites,globalai-es,true,High,Scalability,App Service should have Always On enabled,,https://learn.microsoft.com/en-us/azure/app-service/configure-common?tabs=portal,app-014
f2e4cd19-7c93-4a22-a9b3-df34a6e7c0af,Boss Labs,GlobalAI-ES,westeurope,Microsoft.Web/serverfarms/sites,globalai-es,true,Low,Governance,App Service should have tags,,https://learn.microsoft.com/en-us/azure/azure-resource-manager/management/tag-resources?tabs=json,app-008
f2e4cd19-7c93-4a22-a9b3-df34a6e7c0af,Boss Labs,GlobalAI-ES,westeurope,Microsoft.Web/serverfarms/sites,globalai-es,true,High,Security,App Service remote debugging should be disabled,,https://learn.microsoft.com/en-us/visualstudio/debugger/remote-debugging-azure-app-service?view=vs-2022#enable-remote-debugging,app-012
f2e4cd19-7c93-4a22-a9b3-df34a6e7c0af,Boss Labs,GlobalAI-ES,westeurope,Microsoft.Web/serverfarms,ASP-GlobalAIES-88c2,true,Low,Governance,Plan should have tags,,https://learn.microsoft.com/en-us/azure/azure-resource-manager/management/tag-resources?tabs=json,asp-007
f2e4cd19-7c93-4a22-a9b3-df34a6e7c0af,Boss Labs,GlobalAI-ES,westeurope,Microsoft.Web/serverfarms,ASP-GlobalAIES-88c2,true,High,High Availability,Plan SKU,P1v2,https://learn.microsoft.com/en-us/azure/app-service/overview-hosting-plans,asp-005
f2e4cd19-7c93-4a22-a9b3-df34a6e7c0af,Boss Labs,GlobalAI-ES,westeurope,Microsoft.Web/serverfarms,ASP-GlobalAIES-88c2,true,High,High Availability,Plan should have a SLA,99.95%,https://www.azure.cn/en-us/support/sla/app-service/,asp-003
f2e4cd19-7c93-4a22-a9b3-df34a6e7c0af,Boss Labs,GlobalAI-ES,westeurope,Microsoft.Storage/storageAccounts,globalaies20224c6ab9,true,Low,Security,Storage Account should enforce TLS >= 1.2,,https://learn.microsoft.com/en-us/azure/storage/common/transport-layer-security-configure-minimum-version?tabs=portal,st-009
f2e4cd19-7c93-4a22-a9b3-df34a6e7c0af,Boss Labs,GlobalAI-ES,westeurope,Microsoft.Storage/storageAccounts,globalaies20224c6ab9,true,High,Security,Storage Account should use HTTPS only,,https://learn.microsoft.com/en-us/azure/storage/common/storage-require-secure-transfer,st-007
f2e4cd19-7c93-4a22-a9b3-df34a6e7c0af,Boss Labs,GlobalAI-ES,westeurope,Microsoft.Storage/storageAccounts,globalaies20224c6ab9,true,High,High Availability,Storage SKU,Standard_RAGRS,https://learn.microsoft.com/en-us/rest/api/storagerp/srp_sku_types,st-005
f2e4cd19-7c93-4a22-a9b3-df34a6e7c0af,Boss Labs,GlobalAI-ES,westeurope,Microsoft.Storage/storageAccounts,globalaies20224c6ab9,true,High,High Availability,Storage should have a SLA,99.99%,https://www.azure.cn/en-us/support/sla/storage/,st-003
f2e4cd19-7c93-4a22-a9b3-df34a6e7c0af,Boss Labs,GlobalAI-ES,westeurope,Microsoft.Storage/storageAccounts,globalaies20224c6ab9,true,Medium,Disaster Recovery,Storage Account should have soft delete enabled,,https://learn.microsoft.com/en-us/azure/well-architected/service-guides/storage-accounts/reliability,st-011
f2e4cd19-7c93-4a22-a9b3-df34a6e7c0af,Boss Labs,GlobalAI-ES,westeurope,Microsoft.Storage/storageAccounts,globalaies20224c6ab9,true,Low,Governance,Storage Account should have tags,,https://learn.microsoft.com/en-us/azure/azure-resource-manager/management/tag-resources?tabs=json,st-008
f2e4cd19-7c93-4a22-a9b3-df34a6e7c0af,Boss Labs,GlobalAI-ES,global,Microsoft.Cdn/profiles,globalaies-291e1bfa2ba58dc55f2a-cdnprofile,true,Low,Governance,Azure FrontDoor should have tags,,https://learn.microsoft.com/en-us/azure/azure-resource-manager/management/tag-resources?tabs=json,afd-007
f2e4cd19-7c93-4a22-a9b3-df34a6e7c0af,Boss Labs,GlobalAI-ES,global,Microsoft.Cdn/profiles,globalaies-291e1bfa2ba58dc55f2a-cdnprofile,true,High,High Availability,Azure FrontDoor SKU,Standard_Microsoft,https://learn.microsoft.com/en-us/azure/frontdoor/standard-premium/tier-comparison,afd-005
f2e4cd19-7c93-4a22-a9b3-df34a6e7c0af,Boss Labs,GlobalAI-ES,global,Microsoft.Cdn/profiles,globalaies-291e1bfa2ba58dc55f2a-cdnprofile,true,High,High Availability,Azure FrontDoor SLA,99.99%,https://www.azure.cn/en-us/support/sla/cdn/,afd-003
f2e4cd19-7c93-4a22-a9b3-df34a6e7c0af,Boss Labs,GlobalAI-ES,westeurope,Microsoft.DBforMySQL/flexibleServers,globalaies-820e1353e2ce4ded888db0de72483955-dbserver,true,Low,Governance,Azure Database for MySQL - Flexible Server should have tags,,https://learn.microsoft.com/en-us/azure/azure-resource-manager/management/tag-resources?tabs=json,mysqlf-007
f2e4cd19-7c93-4a22-a9b3-df34a6e7c0af,Boss Labs,GlobalAI-ES,westeurope,Microsoft.DBforMySQL/flexibleServers,globalaies-820e1353e2ce4ded888db0de72483955-dbserver,true,High,High Availability,Azure Database for MySQL - Flexible Server SKU,Standard_B2s,https://learn.microsoft.com/en-us/azure/mysql/flexible-server/concepts-service-tiers-storage,mysqlf-005
f2e4cd19-7c93-4a22-a9b3-df34a6e7c0af,Boss Labs,GlobalAI-ES,westeurope,Microsoft.DBforMySQL/flexibleServers,globalaies-820e1353e2ce4ded888db0de72483955-dbserver,true,High,Security,Azure Database for MySQL - Flexible Server should have private access enabled,,https://learn.microsoft.com/en-us/azure/mysql/flexible-server/how-to-manage-virtual-network-cli,mysqlf-004
f2e4cd19-7c93-4a22-a9b3-df34a6e7c0af,Boss Labs,GlobalAI-ES,westeurope,Microsoft.DBforMySQL/flexibleServers,globalaies-820e1353e2ce4ded888db0de72483955-dbserver,true,High,High Availability,Azure Database for MySQL - Flexible Server should have a SLA,99.9%,hhttps://www.microsoft.com/licensing/docs/view/Service-Level-Agreements-SLA-for-Online-Services?lang=1,mysqlf-003
f2e4cd19-7c93-4a22-a9b3-df34a6e7c0af,Boss Labs,GlobalAI-ES,westeurope,Microsoft.Network/virtualNetworks,globalaies-0f21c57227-vnet,true,High,High Availability,Virtual Network should have availability zones enabled,,https://learn.microsoft.com/en-us/azure/virtual-network/virtual-networks-overview#virtual-networks-and-availability-zones,vnet-002
f2e4cd19-7c93-4a22-a9b3-df34a6e7c0af,Boss Labs,GlobalAI-ES,westeurope,Microsoft.Network/virtualNetworks,globalaies-0f21c57227-vnet,true,High,High Availability,Virtual Network should have at least two DNS servers assigned,,https://learn.microsoft.com/en-us/azure/virtual-network/virtual-networks-name-resolution-for-vms-and-role-instances?tabs=redhat#specify-dns-servers,vnet-009
f2e4cd19-7c93-4a22-a9b3-df34a6e7c0af,Boss Labs,GlobalAI-ES,westeurope,Microsoft.Network/virtualNetworks,globalaies-0f21c57227-vnet,true,Low,Governance,Virtual Network should have tags,,https://learn.microsoft.com/en-us/azure/azure-resource-manager/management/tag-resources?tabs=json,vnet-007
f2e4cd19-7c93-4a22-a9b3-df34a6e7c0af,Boss Labs,Security,westeurope,Microsoft.Logic/workflows,Defender-Logic-Alert,true,High,Security,Logic App should limit access to Http Triggers,,https://learn.microsoft.com/en-us/azure/logic-apps/logic-apps-securing-a-logic-app?tabs=azure-portal#restrict-access-by-ip-address-range,logic-004
f2e4cd19-7c93-4a22-a9b3-df34a6e7c0af,Boss Labs,Security,westeurope,Microsoft.Logic/workflows,Defender-Logic-Alert,true,High,High Availability,Logic App should have a SLA,99.9%,https://www.microsoft.com/licensing/docs/view/Service-Level-Agreements-SLA-for-Online-Services?lang=1,logic-003
f2e4cd19-7c93-4a22-a9b3-df34a6e7c0af,Boss Labs,Security,northeurope,Microsoft.ContainerRegistry/registries,azurebrains,true,High,High Availability,ContainerRegistry should have a SLA,99.95%,https://www.azure.cn/en-us/support/sla/container-registry/,cr-003
f2e4cd19-7c93-4a22-a9b3-df34a6e7c0af,Boss Labs,Security,northeurope,Microsoft.ContainerRegistry/registries,azurebrains,true,Medium,Security,ContainerRegistry should have anonymous pull access disabled,,https://learn.microsoft.com/azure/container-registry/anonymous-pull-access#configure-anonymous-pull-access,cr-007
f2e4cd19-7c93-4a22-a9b3-df34a6e7c0af,Boss Labs,Security,northeurope,Microsoft.ContainerRegistry/registries,azurebrains,true,High,High Availability,ContainerRegistry SKU,Standard,https://learn.microsoft.com/en-us/azure/container-registry/container-registry-skus,cr-005
f2e4cd19-7c93-4a22-a9b3-df34a6e7c0af,Boss Labs,Security,northeurope,Microsoft.ContainerRegistry/registries,azurebrains,true,Low,Governance,ContainerRegistry should have tags,,https://learn.microsoft.com/en-us/azure/azure-resource-manager/management/tag-resources?tabs=json,cr-009
